EMP_ID,EMP_CD,EMP NAME,EMP GENDER,EMP ADDRESS,EMP DOB,create date,update_date
6980,ED_000001,Shawna_Shawna,F,Las Vegas,1971-12-12,2024-11-28 22:18:47,2024-11-28 22:18:47
6981,ED_000002,Nathaniel_Nathaniel,M,Irons,1993-10-31,2024-11-28 22:18:47,2024-11-28 22:18:47
6982,ED_000003,Elisabeth_Elisabeth,F,Lexington,1994-11-26,2024-11-28 22:18:47,2024-11-28 22:18:47
6983,ED_000004,Briana_Briana,F,Munster,1975-11-24,2024-11-28 22:18:47,2024-11-28 22:18:47
6984,ED_000005,Estella_Estella,F,Fairbanks,1995-03-13,2024-11-28 22:18:47,2024-11-28 22:18:47
6985,ED_000006,Lamont_Lamont,M,Purcellville,1991-10-13,2024-11-28 22:18:47,2024-11-28 22:18:47
6986,ED_000007,Melinda_Melinda,F,Stowell,1984-09-15,2024-11-28 22:18:47,2024-11-28 22:18:47
6987,ED_000008,Shanna_Shanna,F,Herndon,1958-06-19,2024-11-28 22:18:47,2024-11-28 22:18:47
6988,ED_000009,Jasmine_Jasmine,F,Ocoee,1961-08-31,2024-11-28 22:18:47,2024-11-28 22:18:47
6989,ED_000010,Madge_Madge,F,Springfield,1981-02-10,2024-11-28 22:18:47,2024-11-28 22:18:47
6990,ED_000011,Bethany_Bethany,F,Montgomery,1986-01-10,2024-11-28 22:18:47,2024-11-28 22:18:47
6991,ED_000012,Reid_Reid,M,Pacoima,1989-01-20,2024-11-28 22:18:47,2024-11-28 22:18:47
6992,ED_000013,Antoine_Antoine,M,Canby,1996-02-22,2024-11-28 22:18:47,2024-11-28 22:18:47
6993,ED_000014,Mathew_Mathew,M,Van Nuys,1995-05-07,2024-11-28 22:18:47,2024-11-28 22:18:47
6994,ED_000015,Bernardo_Bernardo,M,Knoxville,1975-02-02,2024-11-28 22:18:47,2024-11-28 22:18:47
6995,ED_000016,Cole_Cole,M,Oklahoma City,1990-10-02,2024-11-28 22:18:47,2024-11-28 22:18:47
6996,ED_000017,Tonia_Tonia,F,Friant,1985-04-19,2024-11-28 22:18:47,2024-11-28 22:18:47
6997,ED_000018,Tod_Tod,M,Patuxent River,1987-06-21,2024-11-28 22:18:47,2024-11-28 22:18:47
6998,ED_000019,Yesenia_Yesenia,F,Reisterstown,1968-03-29,2024-11-28 22:18:47,2024-11-28 22:18:47
6999,ED_000020,Carey_Carey,M,New Baltimore,1972-05-22,2024-11-28 22:18:47,2024-11-28 22:18:47
7000,ED_000021,Aileen_Aileen,F,Herman,1986-05-12,2024-11-28 22:18:47,2024-11-28 22:18:47
7001,ED_000022,Marta_Marta,F,Hoquiam,1971-02-17,2024-11-28 22:18:47,2024-11-28 22:18:47
7002,ED_000023,Arthur_Arthur,M,Dodson,1970-09-21,2024-11-28 22:18:47,2024-11-28 22:18:47
7003,ED_000024,Tara_Tara,F,Sheldon,1976-06-26,2024-11-28 22:18:47,2024-11-28 22:18:47
7004,ED_000025,Josef_Josef,M,Sacramento,1976-08-14,2024-11-28 22:18:47,2024-11-28 22:18:47
7005,ED_000026,Keri_Keri,F,Friendship,1960-03-08,2024-11-28 22:18:47,2024-11-28 22:18:47
7006,ED_000027,Desmond_Desmond,M,Fresno,1992-09-07,2024-11-28 22:18:47,2024-11-28 22:18:47
7007,ED_000028,Adrienne_Adrienne,F,Burlingame,1975-05-22,2024-11-28 22:18:47,2024-11-28 22:18:47
7008,ED_000030,Jermaine_Jermaine,M,Welaka,1990-01-18,2024-11-28 22:18:47,2024-11-28 22:18:47
7009,ED_000031,Scott_Scott,M,Bairoil,1990-08-24,2024-11-28 22:18:47,2024-11-28 22:18:47
7010,ED_000032,Isabel_Isabel,F,Tupelo,1971-09-12,2024-11-28 22:18:47,2024-11-28 22:18:47
7011,ED_000033,Marcelino_Marcelino,M,Little Rock,1996-01-26,2024-11-28 22:18:47,2024-11-28 22:18:47
7012,ED_000034,Benjamin_Benjamin,M,Shungnak,1977-05-21,2024-11-28 22:18:47,2024-11-28 22:18:47
7013,ED_000035,Marcia_Marcia,F,Victoria,1966-07-24,2024-11-28 22:18:47,2024-11-28 22:18:47
7014,ED_000036,Rudolph_Rudolph,M,Shinnston,1979-04-28,2024-11-28 22:18:47,2024-11-28 22:18:47
7015,ED_000037,Beverly_Beverly,F,Rossville,1975-04-03,2024-11-28 22:18:47,2024-11-28 22:18:47
7016,ED_000038,Marcus_Marcus,M,Bellerose,1977-05-07,2024-11-28 22:18:47,2024-11-28 22:18:47
7017,ED_000039,Priscilla_Priscilla,F,Fairview,1985-04-09,2024-11-28 22:18:47,2024-11-28 22:18:47
7018,ED_000040,Lynn_Lynn,F,Castleton,1962-08-14,2024-11-28 22:18:47,2024-11-28 22:18:47
7019,ED_000041,Tessa_Tessa,F,Austinville,1957-07-12,2024-11-28 22:18:47,2024-11-28 22:18:47
7020,ED_000042,Rufus_Rufus,M,Adams Basin,1967-12-25,2024-11-28 22:18:47,2024-11-28 22:18:47
7021,ED_000043,Roman_Roman,M,Lampeter,1962-12-25,2024-11-28 22:18:47,2024-11-28 22:18:47
7022,ED_000044,Carmela_Carmela,F,Keystone Heights,1975-03-17,2024-11-28 22:18:47,2024-11-28 22:18:47
7023,ED_000045,Thurman_Thurman,M,Eddyville,1996-01-27,2024-11-28 22:18:47,2024-11-28 22:18:47
7024,ED_000046,Lemuel_Lemuel,M,Listie,1985-07-06,2024-11-28 22:18:47,2024-11-28 22:18:47
7025,ED_000047,Clint_Clint,M,Blue Island,1994-03-05,2024-11-28 22:18:47,2024-11-28 22:18:47
7026,ED_000048,Karyn_Karyn,F,Ardenvoir,1983-05-22,2024-11-28 22:18:47,2024-11-28 22:18:47
7027,ED_000049,Lesa_Lesa,F,Terre Haute,1981-02-13,2024-11-28 22:18:47,2024-11-28 22:18:47
7028,ED_000050,Rich_Rich,M,Maysville,1989-02-28,2024-11-28 22:18:47,2024-11-28 22:18:47
7029,ED_000051,Liz_Liz,F,Amherst,1986-03-15,2024-11-28 22:18:47,2024-11-28 22:18:47
7030,ED_000052,Kendra_Kendra,F,Beaman,1963-10-22,2024-11-28 22:18:47,2024-11-28 22:18:47
7031,ED_000053,Maryellen_Maryellen,F,Tuckerman,1975-03-10,2024-11-28 22:18:47,2024-11-28 22:18:47
7032,ED_000054,German_German,M,Lakeview,1958-07-21,2024-11-28 22:18:47,2024-11-28 22:18:47
7033,ED_000055,Micheal_Micheal,M,Arlington,1986-08-12,2024-11-28 22:18:47,2024-11-28 22:18:47
7034,ED_000056,Carlo_Carlo,M,Liverpool,1961-06-12,2024-11-28 22:18:47,2024-11-28 22:18:47
7035,ED_000057,Bianca_Bianca,F,Escatawpa,1960-03-06,2024-11-28 22:18:47,2024-11-28 22:18:47
7036,ED_000058,Elias_Elias,M,Oaks,1990-07-13,2024-11-28 22:18:47,2024-11-28 22:18:47
7037,ED_000059,Alberta_Alberta,F,Rochester,1972-05-06,2024-11-28 22:18:47,2024-11-28 22:18:47
7038,ED_000060,Erin_Erin,M,Farmington,1994-08-08,2024-11-28 22:18:47,2024-11-28 22:18:47
7039,ED_000061,Frederic_Frederic,M,Seligman,1969-10-15,2024-11-28 22:18:47,2024-11-28 22:18:47
7040,ED_000062,Tanner_Tanner,M,Michigan City,1968-08-04,2024-11-28 22:18:47,2024-11-28 22:18:47
7041,ED_000063,Clarence_Clarence,M,Macon,1982-05-07,2024-11-28 22:18:47,2024-11-28 22:18:47
7042,ED_000064,German_German,M,Matthews,1991-07-29,2024-11-28 22:18:47,2024-11-28 22:18:47
7043,ED_000065,Dion_Dion,M,Plainfield,1995-06-04,2024-11-28 22:18:47,2024-11-28 22:18:47
7044,ED_000066,Cornelius_Cornelius,M,High Point,1970-02-06,2024-11-28 22:18:47,2024-11-28 22:18:47
7045,ED_000067,Patsy_Patsy,F,Atlanta,1984-07-15,2024-11-28 22:18:47,2024-11-28 22:18:47
7046,ED_000068,Waldo_Waldo,M,Wooton,1970-11-29,2024-11-28 22:18:47,2024-11-28 22:18:47
7047,ED_000069,Damien_Damien,M,Five Forks,1965-07-15,2024-11-28 22:18:47,2024-11-28 22:18:47
7048,ED_000070,Curt_Curt,M,Monticello,1978-10-22,2024-11-28 22:18:47,2024-11-28 22:18:47
7049,ED_000071,Brenton_Brenton,M,Green Camp,1970-06-11,2024-11-28 22:18:47,2024-11-28 22:18:47
7050,ED_000072,Miguel_Miguel,M,Kingfisher,1980-06-07,2024-11-28 22:18:47,2024-11-28 22:18:47
7051,ED_000073,Esperanza_Esperanza,F,Lexington,1960-10-12,2024-11-28 22:18:47,2024-11-28 22:18:47
7052,ED_000074,Patricia_Patricia,F,Easton,1975-11-13,2024-11-28 22:18:47,2024-11-28 22:18:47
7053,ED_000075,Forrest_Forrest,M,Lee,1978-03-25,2024-11-28 22:18:47,2024-11-28 22:18:47
7054,ED_000076,Marjorie_Marjorie,F,Baldwin City,1961-09-14,2024-11-28 22:18:47,2024-11-28 22:18:47
7055,ED_000077,Vivian_Vivian,F,Hampden Sydney,1960-09-02,2024-11-28 22:18:47,2024-11-28 22:18:47
7056,ED_000078,Duncan_Duncan,M,West Palm Beach,1964-02-17,2024-11-28 22:18:47,2024-11-28 22:18:47
7057,ED_000079,Miriam_Miriam,F,Brady,1990-06-25,2024-11-28 22:18:47,2024-11-28 22:18:47
7058,ED_000080,Adam_Adam,M,Potlatch,1963-11-08,2024-11-28 22:18:47,2024-11-28 22:18:47
7059,ED_000081,Benjamin_Benjamin,M,Tribune,1976-05-16,2024-11-28 22:18:47,2024-11-28 22:18:47
7060,ED_000082,Neil_Neil,M,Milton,1985-09-17,2024-11-28 22:18:47,2024-11-28 22:18:47
7061,ED_000083,Nichole_Nichole,F,Bangor,1957-11-30,2024-11-28 22:18:47,2024-11-28 22:18:47
7062,ED_000084,Jonathon_Jonathon,M,Silver Spring,1967-09-30,2024-11-28 22:18:47,2024-11-28 22:18:47
7063,ED_000085,Brent_Brent,M,Adamsville,1960-09-05,2024-11-28 22:18:47,2024-11-28 22:18:47
7064,ED_000086,Carlene_Carlene,F,Houston,1985-11-25,2024-11-28 22:18:47,2024-11-28 22:18:47
7065,ED_000087,Arnulfo_Arnulfo,M,Auburn,1972-09-26,2024-11-28 22:18:47,2024-11-28 22:18:47
7066,ED_000088,Nickolas_Nickolas,M,Hanna,1985-06-23,2024-11-28 22:18:47,2024-11-28 22:18:47
7067,ED_000089,Raymundo_Raymundo,M,Toast,1975-04-29,2024-11-28 22:18:47,2024-11-28 22:18:47
7068,ED_000090,Jeremiah_Jeremiah,M,Shauck,1988-07-16,2024-11-28 22:18:47,2024-11-28 22:18:47
7069,ED_000091,Tanner_Tanner,M,Anchorage,1976-09-24,2024-11-28 22:18:47,2024-11-28 22:18:47
7070,ED_000092,Dorian_Dorian,M,Canebrake,1960-07-24,2024-11-28 22:18:47,2024-11-28 22:18:47
7071,ED_000093,Nora_Nora,F,Woolstock,1982-11-13,2024-11-28 22:18:47,2024-11-28 22:18:47
7072,ED_000094,Danial_Danial,M,Joyce,1959-08-15,2024-11-28 22:18:47,2024-11-28 22:18:47
7073,ED_000095,Nelson_Nelson,M,Glen Saint Mary,1975-08-17,2024-11-28 22:18:47,2024-11-28 22:18:47
7074,ED_000096,Manuel_Manuel,M,Peabody,1983-07-16,2024-11-28 22:18:47,2024-11-28 22:18:47
7075,ED_000097,Dominic_Dominic,M,Sumner,1979-08-04,2024-11-28 22:18:47,2024-11-28 22:18:47
7076,ED_000098,Lowell_Lowell,M,Potter,1982-02-09,2024-11-28 22:18:47,2024-11-28 22:18:47
7077,ED_000099,Jayne_Jayne,F,Norfolk,1980-08-18,2024-11-28 22:18:47,2024-11-28 22:18:47
7078,ED_000100,Cornell_Cornell,M,Woodhaven,1960-05-27,2024-11-28 22:18:47,2024-11-28 22:18:47
7079,ED_000101,Doris_Doris,F,Blaine,1976-01-14,2024-11-28 22:18:47,2024-11-28 22:18:47
7080,ED_000102,Tabatha_Tabatha,F,Steelville,1966-09-06,2024-11-28 22:18:47,2024-11-28 22:18:47
7081,ED_000103,Jerome_Jerome,M,Cobalt,1988-11-12,2024-11-28 22:18:47,2024-11-28 22:18:47
7082,ED_000104,Elton_Elton,M,Lombard,1982-11-30,2024-11-28 22:18:47,2024-11-28 22:18:47
7083,ED_000105,Stacy_Stacy,M,Enterprise,1980-06-06,2024-11-28 22:18:47,2024-11-28 22:18:47
7084,ED_000106,Rory_Rory,M,Templeton,1976-06-03,2024-11-28 22:18:47,2024-11-28 22:18:47
7085,ED_000107,Greg_Greg,M,Turners Station,1964-04-13,2024-11-28 22:18:47,2024-11-28 22:18:47
7086,ED_000108,Julian_Julian,M,Lisbon Center,1958-04-15,2024-11-28 22:18:47,2024-11-28 22:18:47
7087,ED_000109,Agnes_Agnes,F,Sugar City,1975-12-12,2024-11-28 22:18:47,2024-11-28 22:18:47
7088,ED_000110,Nancy_Nancy,F,Cypress,1980-04-26,2024-11-28 22:18:47,2024-11-28 22:18:47
7089,ED_000111,Tyrone_Tyrone,M,Driftwood,1973-07-04,2024-11-28 22:18:47,2024-11-28 22:18:47
7090,ED_000112,Bradley_Bradley,M,Portland,1979-06-30,2024-11-28 22:18:47,2024-11-28 22:18:47
7091,ED_000113,Emile_Emile,M,Mears,1980-10-19,2024-11-28 22:18:47,2024-11-28 22:18:47
7092,ED_000114,Zachary_Zachary,M,Fairbanks,1986-11-14,2024-11-28 22:18:47,2024-11-28 22:18:47
7093,ED_000115,Tara_Tara,F,Zephyrhills,1971-01-29,2024-11-28 22:18:47,2024-11-28 22:18:47
7094,ED_000116,Aubrey_Aubrey,M,Osprey,1993-12-13,2024-11-28 22:18:47,2024-11-28 22:18:47
7095,ED_000117,Carroll_Carroll,M,Saint Martin,1989-06-13,2024-11-28 22:18:47,2024-11-28 22:18:47
7096,ED_000118,Claudette_Claudette,F,Omaha,1984-12-20,2024-11-28 22:18:47,2024-11-28 22:18:47
7097,ED_000119,Ricky_Ricky,M,Mount Hope,1976-05-11,2024-11-28 22:18:47,2024-11-28 22:18:47
7098,ED_000120,Brian_Brian,M,Orlando,1978-11-30,2024-11-28 22:18:47,2024-11-28 22:18:47
7099,ED_000121,Nicholas_Nicholas,M,Pomona,1992-04-02,2024-11-28 22:18:47,2024-11-28 22:18:47
7100,ED_000122,Eileen_Eileen,F,Oshkosh,1964-10-05,2024-11-28 22:18:47,2024-11-28 22:18:47
7101,ED_000123,Colin_Colin,M,Conroe,1976-03-14,2024-11-28 22:18:47,2024-11-28 22:18:47
7102,ED_000124,Rosario_Rosario,F,Chattahoochee,1960-12-20,2024-11-28 22:18:47,2024-11-28 22:18:47
7103,ED_000125,Salvador_Salvador,M,Huddy,1994-02-27,2024-11-28 22:18:47,2024-11-28 22:18:47
7104,ED_000126,Aldo_Aldo,M,Linton,1973-06-11,2024-11-28 22:18:47,2024-11-28 22:18:47
7105,ED_000127,Bret_Bret,M,Vassar,1979-09-30,2024-11-28 22:18:47,2024-11-28 22:18:47
7106,ED_000128,Dominic_Dominic,M,Vancouver,1996-07-19,2024-11-28 22:18:47,2024-11-28 22:18:47
7107,ED_000129,Karina_Karina,F,Centerville,1957-10-30,2024-11-28 22:18:47,2024-11-28 22:18:47
7108,ED_000130,Marquis_Marquis,M,Manchester,1984-11-30,2024-11-28 22:18:47,2024-11-28 22:18:47
7109,ED_000131,Damon_Damon,M,Stacy,1964-07-31,2024-11-28 22:18:47,2024-11-28 22:18:47
7110,ED_000132,Leonel_Leonel,M,Isaban,1996-11-07,2024-11-28 22:18:47,2024-11-28 22:18:47
7111,ED_000133,Teddy_Teddy,M,Timblin,1977-10-06,2024-11-28 22:18:47,2024-11-28 22:18:47
7112,ED_000134,Alexandria_Alexandria,F,Cooksville,1989-02-15,2024-11-28 22:18:47,2024-11-28 22:18:47
7113,ED_000135,Margaret_Margaret,F,Plant City,1971-05-10,2024-11-28 22:18:47,2024-11-28 22:18:47
7114,ED_000136,Willis_Willis,M,Freeman,1979-07-27,2024-11-28 22:18:47,2024-11-28 22:18:47
7115,ED_000137,Donovan_Donovan,M,Monroe,1987-03-03,2024-11-28 22:18:47,2024-11-28 22:18:47
7116,ED_000138,Kristina_Kristina,F,Merced,1978-08-29,2024-11-28 22:18:47,2024-11-28 22:18:47
7117,ED_000139,Garth_Garth,M,Phyllis,1969-11-11,2024-11-28 22:18:47,2024-11-28 22:18:47
7118,ED_000140,Martin_Martin,M,Centre,1974-09-14,2024-11-28 22:18:47,2024-11-28 22:18:47
7119,ED_000141,Irwin_Irwin,M,Traverse City,1975-05-20,2024-11-28 22:18:47,2024-11-28 22:18:47
7120,ED_000142,Reynaldo_Reynaldo,M,Jamaica,1965-10-15,2024-11-28 22:18:47,2024-11-28 22:18:47
7121,ED_000143,Sherri_Sherri,F,Saint Louis,1991-05-30,2024-11-28 22:18:47,2024-11-28 22:18:47
7122,ED_000144,Johnny_Johnny,M,Irwinville,1962-02-11,2024-11-28 22:18:47,2024-11-28 22:18:47
7123,ED_000145,Earnest_Earnest,M,Masardis,1965-01-03,2024-11-28 22:18:47,2024-11-28 22:18:47
7124,ED_000146,Bernardo_Bernardo,M,Hollywood,1963-05-28,2024-11-28 22:18:47,2024-11-28 22:18:47
7125,ED_000147,Yvette_Yvette,F,Orviston,1996-06-17,2024-11-28 22:18:47,2024-11-28 22:18:47
7126,ED_000148,Robby_Robby,M,Metaline,1974-03-20,2024-11-28 22:18:47,2024-11-28 22:18:47
7127,ED_000149,Carolina_Carolina,F,Sanford,1994-10-30,2024-11-28 22:18:47,2024-11-28 22:18:47
7128,ED_000150,Sonia_Sonia,F,Pearisburg,1965-03-07,2024-11-28 22:18:47,2024-11-28 22:18:47
7129,ED_000151,Larry_Larry,M,Pliny,1970-12-01,2024-11-28 22:18:47,2024-11-28 22:18:47
7130,ED_000152,Esmeralda_Esmeralda,F,Shullsburg,1990-12-19,2024-11-28 22:18:47,2024-11-28 22:18:47
7131,ED_000153,Candy_Candy,F,Wetumpka,1981-06-29,2024-11-28 22:18:47,2024-11-28 22:18:47
7132,ED_000154,Emma_Emma,F,Briggsville,1966-09-15,2024-11-28 22:18:47,2024-11-28 22:18:47
7133,ED_000155,Scot_Scot,M,Pocahontas,1980-07-31,2024-11-28 22:18:47,2024-11-28 22:18:47
7134,ED_000156,Rolland_Rolland,M,Jackson,1966-05-08,2024-11-28 22:18:47,2024-11-28 22:18:47
7135,ED_000157,Tommie_Tommie,F,Wedowee,1974-06-06,2024-11-28 22:18:47,2024-11-28 22:18:47
7136,ED_000158,Jessie_Jessie,M,Clearwater,1981-09-20,2024-11-28 22:18:47,2024-11-28 22:18:47
7137,ED_000159,Isiah_Isiah,M,Heber City,1965-08-19,2024-11-28 22:18:47,2024-11-28 22:18:47
7138,ED_000160,Janelle_Janelle,F,Falls Church,1962-05-27,2024-11-28 22:18:47,2024-11-28 22:18:47
7139,ED_000161,Christoper_Christoper,M,Speaks,1979-01-09,2024-11-28 22:18:47,2024-11-28 22:18:47
7140,ED_000162,Kathie_Kathie,F,Santa Teresa,1986-11-22,2024-11-28 22:18:47,2024-11-28 22:18:47
7141,ED_000163,Antonia_Antonia,F,Fort Lauderdale,1985-09-02,2024-11-28 22:18:47,2024-11-28 22:18:47
7142,ED_000164,Ophelia_Ophelia,F,Scottsdale,1972-02-02,2024-11-28 22:18:47,2024-11-28 22:18:47
7143,ED_000165,Hallie_Hallie,F,Se Ree,1979-06-30,2024-11-28 22:18:47,2024-11-28 22:18:47
7144,ED_000166,Adriana_Adriana,F,Gordon,1978-08-29,2024-11-28 22:18:47,2024-11-28 22:18:47
7145,ED_000167,Jana_Jana,F,Athens,1968-04-01,2024-11-28 22:18:47,2024-11-28 22:18:47
7146,ED_000168,Quentin_Quentin,M,Chippewa Falls,1980-03-21,2024-11-28 22:18:47,2024-11-28 22:18:47
7147,ED_000169,Debra_Debra,F,Kossuth,1990-11-25,2024-11-28 22:18:47,2024-11-28 22:18:47
7148,ED_000170,Kenton_Kenton,M,Highland Park,1993-01-19,2024-11-28 22:18:47,2024-11-28 22:18:47
7149,ED_000171,Ian_Ian,M,Huntsville,1965-09-25,2024-11-28 22:18:47,2024-11-28 22:18:47
7150,ED_000172,Jasper_Jasper,M,Greeley,1981-09-18,2024-11-28 22:18:47,2024-11-28 22:18:47
7151,ED_000173,Brock_Brock,M,Gary,1968-02-27,2024-11-28 22:18:47,2024-11-28 22:18:47
7152,ED_000174,Salvador_Salvador,M,Riverdale,1969-07-04,2024-11-28 22:18:47,2024-11-28 22:18:47
7153,ED_000175,Terence_Terence,M,Montevallo,1976-09-15,2024-11-28 22:18:47,2024-11-28 22:18:47
7154,ED_000176,Dario_Dario,M,Torrance,1962-10-05,2024-11-28 22:18:47,2024-11-28 22:18:47
7155,ED_000177,Ester_Ester,F,Arendtsville,1978-12-03,2024-11-28 22:18:47,2024-11-28 22:18:47
7156,ED_000178,Leanne_Leanne,F,Brookton,1964-11-01,2024-11-28 22:18:47,2024-11-28 22:18:47
7157,ED_000179,Valentin_Valentin,M,Kingston,1965-07-11,2024-11-28 22:18:47,2024-11-28 22:18:47
7158,ED_000180,Jared_Jared,M,Dewittville,1996-03-26,2024-11-28 22:18:47,2024-11-28 22:18:47
7159,ED_000181,Jami_Jami,F,Country Club Hills,1986-03-30,2024-11-28 22:18:47,2024-11-28 22:18:47
7160,ED_000182,Bruno_Bruno,M,Killen,1976-03-21,2024-11-28 22:18:47,2024-11-28 22:18:47
7161,ED_000183,Garland_Garland,M,Kopperl,1962-01-14,2024-11-28 22:18:47,2024-11-28 22:18:47
7162,ED_000184,Augustus_Augustus,M,Napoleon,1992-05-25,2024-11-28 22:18:47,2024-11-28 22:18:47
7163,ED_000185,Luther_Luther,M,Winthrop Harbor,1992-03-31,2024-11-28 22:18:47,2024-11-28 22:18:47
7164,ED_000186,Jimmy_Jimmy,M,Biloxi,1966-08-05,2024-11-28 22:18:47,2024-11-28 22:18:47
7165,ED_000187,Morton_Morton,M,Kenton,1960-08-22,2024-11-28 22:18:47,2024-11-28 22:18:47
7166,ED_000188,Andrew_Andrew,M,Ohio City,1987-06-03,2024-11-28 22:18:47,2024-11-28 22:18:47
7167,ED_000189,Ava_Ava,F,Fort Payne,1972-05-25,2024-11-28 22:18:47,2024-11-28 22:18:47
7168,ED_000190,Anastasia_Anastasia,F,Garrett Park,1992-12-23,2024-11-28 22:18:47,2024-11-28 22:18:47
7169,ED_000191,Sabrina_Sabrina,F,Duncan,1982-03-01,2024-11-28 22:18:47,2024-11-28 22:18:47
7170,ED_000192,Kirsten_Kirsten,F,Saint Louis,1968-10-16,2024-11-28 22:18:47,2024-11-28 22:18:47
7171,ED_000193,Tabatha_Tabatha,F,Bagdad,1976-07-29,2024-11-28 22:18:47,2024-11-28 22:18:47
7172,ED_000194,Gregg_Gregg,M,Dartmouth,1959-05-15,2024-11-28 22:18:47,2024-11-28 22:18:47
7173,ED_000195,Deanne_Deanne,F,Clarinda,1974-03-01,2024-11-28 22:18:47,2024-11-28 22:18:47
7174,ED_000196,Juanita_Juanita,F,Seward,1974-10-16,2024-11-28 22:18:47,2024-11-28 22:18:47
7175,ED_000197,Doug_Doug,M,Doe Hill,1991-08-12,2024-11-28 22:18:47,2024-11-28 22:18:47
7176,ED_000198,Billy_Billy,M,Rhodelia,1983-06-10,2024-11-28 22:18:47,2024-11-28 22:18:47
7177,ED_000199,Boyd_Boyd,M,Mount Hamilton,1987-09-06,2024-11-28 22:18:47,2024-11-28 22:18:47
7178,ED_000200,Roberto_Roberto,M,Peoria,1994-12-08,2024-11-28 22:18:47,2024-11-28 22:18:47
7179,ED_000201,Kris_Kris,M,Ballouville,1962-05-23,2024-11-28 22:18:47,2024-11-28 22:18:47
7180,ED_000202,Leann_Leann,F,Neelyton,1990-02-16,2024-11-28 22:18:47,2024-11-28 22:18:47
7181,ED_000203,Joaquin_Joaquin,M,Barren Springs,1961-08-24,2024-11-28 22:18:47,2024-11-28 22:18:47
7182,ED_000204,Leanne_Leanne,F,Cordova,1989-01-25,2024-11-28 22:18:47,2024-11-28 22:18:47
7183,ED_000205,Jay_Jay,M,Oxford,1964-05-01,2024-11-28 22:18:47,2024-11-28 22:18:47
7184,ED_000206,Luz_Luz,F,Charleston,1961-06-07,2024-11-28 22:18:47,2024-11-28 22:18:47
7185,ED_000207,Dudley_Dudley,M,Keokee,1977-11-16,2024-11-28 22:18:47,2024-11-28 22:18:47
7186,ED_000208,Monroe_Monroe,M,Norwood,1987-10-18,2024-11-28 22:18:47,2024-11-28 22:18:47
7187,ED_000209,Dina_Dina,F,Monticello,1990-08-26,2024-11-28 22:18:47,2024-11-28 22:18:47
7188,ED_000210,Christian_Christian,M,Sand Lake,1959-08-07,2024-11-28 22:18:47,2024-11-28 22:18:47
7189,ED_000211,Lucile_Lucile,F,Cabot,1966-12-13,2024-11-28 22:18:47,2024-11-28 22:18:47
7190,ED_000212,Luciano_Luciano,M,Little Rock,1991-10-19,2024-11-28 22:18:47,2024-11-28 22:18:47
7191,ED_000213,Ahmad_Ahmad,M,North Judson,1973-06-06,2024-11-28 22:18:47,2024-11-28 22:18:47
7192,ED_000214,Janna_Janna,F,Madison,1987-11-21,2024-11-28 22:18:47,2024-11-28 22:18:47
7193,ED_000215,Kendrick_Kendrick,M,Nashua,1962-10-08,2024-11-28 22:18:47,2024-11-28 22:18:47
7194,ED_000216,Demetrius_Demetrius,M,Chantilly,1992-12-14,2024-11-28 22:18:47,2024-11-28 22:18:47
7195,ED_000217,Ken_Ken,M,Jefferson City,1995-02-14,2024-11-28 22:18:47,2024-11-28 22:18:47
7196,ED_000218,Earl_Earl,M,Niagara Falls,1973-01-14,2024-11-28 22:18:47,2024-11-28 22:18:47
7197,ED_000219,Taylor_Taylor,F,Sentinel,1965-04-02,2024-11-28 22:18:47,2024-11-28 22:18:47
7198,ED_000220,Clarissa_Clarissa,F,Melbourne,1993-06-26,2024-11-28 22:18:47,2024-11-28 22:18:47
7199,ED_000221,Lewis_Lewis,M,Hope,1958-01-11,2024-11-28 22:18:47,2024-11-28 22:18:47
7200,ED_000222,Claudine_Claudine,F,Farrandsville,1978-05-24,2024-11-28 22:18:47,2024-11-28 22:18:47
7201,ED_000223,Mitzi_Mitzi,F,Jamesville,1960-08-29,2024-11-28 22:18:47,2024-11-28 22:18:47
7202,ED_000224,Michel_Michel,M,Mascotte,1986-06-26,2024-11-28 22:18:47,2024-11-28 22:18:47
7203,ED_000225,Janie_Janie,F,Venango,1958-04-19,2024-11-28 22:18:47,2024-11-28 22:18:47
7204,ED_000226,Sophie_Sophie,F,Mears,1990-01-16,2024-11-28 22:18:47,2024-11-28 22:18:47
7205,ED_000227,Bette_Bette,F,Mc Elhattan,1979-12-30,2024-11-28 22:18:47,2024-11-28 22:18:47
7206,ED_000228,Dena_Dena,F,Otter,1975-05-26,2024-11-28 22:18:47,2024-11-28 22:18:47
7207,ED_000229,Dante_Dante,M,Hannah,1985-07-15,2024-11-28 22:18:47,2024-11-28 22:18:47
7208,ED_000230,Angelina_Angelina,F,Hazard,1975-03-14,2024-11-28 22:18:47,2024-11-28 22:18:47
7209,ED_000231,Shannon_Shannon,F,Durham,1961-03-11,2024-11-28 22:18:47,2024-11-28 22:18:47
7210,ED_000232,Ron_Ron,M,Galion,1993-06-07,2024-11-28 22:18:47,2024-11-28 22:18:47
7211,ED_000233,Kerry_Kerry,F,Oklahoma City,1989-04-05,2024-11-28 22:18:47,2024-11-28 22:18:47
7212,ED_000234,Dominick_Dominick,M,Spring Green,1979-08-19,2024-11-28 22:18:47,2024-11-28 22:18:47
7213,ED_000235,Emory_Emory,M,Milford,1967-04-05,2024-11-28 22:18:47,2024-11-28 22:18:47
7214,ED_000236,Lana_Lana,F,Beaufort,1967-07-15,2024-11-28 22:18:47,2024-11-28 22:18:47
7215,ED_000237,Jeremy_Jeremy,M,Big Spring,1972-11-09,2024-11-28 22:18:47,2024-11-28 22:18:47
7216,ED_000238,Dudley_Dudley,M,Essex Fells,1991-02-04,2024-11-28 22:18:47,2024-11-28 22:18:47
7217,ED_000239,Frances_Frances,F,Merritt,1965-07-09,2024-11-28 22:18:47,2024-11-28 22:18:47
7218,ED_000240,Percy_Percy,M,Hasse,1970-12-13,2024-11-28 22:18:47,2024-11-28 22:18:47
7219,ED_000241,Alfredo_Alfredo,M,Clover,1973-04-21,2024-11-28 22:18:47,2024-11-28 22:18:47
7220,ED_000242,Joanna_Joanna,F,Audubon,1959-10-08,2024-11-28 22:18:47,2024-11-28 22:18:47
7221,ED_000243,Susanna_Susanna,F,Springdale,1970-09-07,2024-11-28 22:18:47,2024-11-28 22:18:47
7222,ED_000244,Ola_Ola,F,Dayton,1970-08-28,2024-11-28 22:18:47,2024-11-28 22:18:47
7223,ED_000245,Louella_Louella,F,Phoenix,1966-02-19,2024-11-28 22:18:47,2024-11-28 22:18:47
7224,ED_000246,Deirdre_Deirdre,F,Indianapolis,1971-11-04,2024-11-28 22:18:47,2024-11-28 22:18:47
7225,ED_000247,Kristina_Kristina,F,Moorpark,1981-06-26,2024-11-28 22:18:47,2024-11-28 22:18:47
7226,ED_000248,Stacy_Stacy,M,Peoria,1963-05-27,2024-11-28 22:18:47,2024-11-28 22:18:47
7227,ED_000249,Frankie_Frankie,M,Red Oak,1960-11-19,2024-11-28 22:18:47,2024-11-28 22:18:47
7228,ED_000250,Pauline_Pauline,F,Niotaze,1996-05-07,2024-11-28 22:18:47,2024-11-28 22:18:47
7229,ED_000251,Adolph_Adolph,M,Durham,1964-09-20,2024-11-28 22:18:47,2024-11-28 22:18:47
7230,ED_000252,Rosa_Rosa,F,Appleton,1995-07-04,2024-11-28 22:18:47,2024-11-28 22:18:47
7231,ED_000253,Craig_Craig,M,Sand Creek,1982-06-16,2024-11-28 22:18:47,2024-11-28 22:18:47
7232,ED_000254,Stanley_Stanley,M,Jolo,1986-07-09,2024-11-28 22:18:47,2024-11-28 22:18:47
7233,ED_000255,Morgan_Morgan,M,Hartline,1989-04-17,2024-11-28 22:18:47,2024-11-28 22:18:47
7234,ED_000256,Reba_Reba,F,Columbia,1986-02-04,2024-11-28 22:18:47,2024-11-28 22:18:47
7235,ED_000257,Shana_Shana,F,Edward,1973-07-20,2024-11-28 22:18:47,2024-11-28 22:18:47
7236,ED_000258,Adam_Adam,M,Ohatchee,1971-09-25,2024-11-28 22:18:47,2024-11-28 22:18:47
7237,ED_000259,Leann_Leann,F,Woodbridge,1973-04-11,2024-11-28 22:18:47,2024-11-28 22:18:47
7238,ED_000260,Floyd_Floyd,M,Farwell,1983-08-29,2024-11-28 22:18:47,2024-11-28 22:18:47
7239,ED_000261,Scott_Scott,M,Rockford,1970-01-15,2024-11-28 22:18:47,2024-11-28 22:18:47
7240,ED_000262,Sterling_Sterling,M,Saint Anne,1962-09-19,2024-11-28 22:18:47,2024-11-28 22:18:47
7241,ED_000263,Damon_Damon,M,Onego,1978-11-28,2024-11-28 22:18:47,2024-11-28 22:18:47
7242,ED_000264,Mauricio_Mauricio,M,Lawrence,1986-08-31,2024-11-28 22:18:47,2024-11-28 22:18:47
7243,ED_000265,Ebony_Ebony,F,Otego,1964-07-24,2024-11-28 22:18:47,2024-11-28 22:18:47
7244,ED_000266,Bobbie_Bobbie,F,Park Valley,1971-04-20,2024-11-28 22:18:47,2024-11-28 22:18:47
7245,ED_000267,Jami_Jami,F,Max,1992-07-23,2024-11-28 22:18:47,2024-11-28 22:18:47
7246,ED_000268,Aisha_Aisha,F,Montezuma,1965-10-31,2024-11-28 22:18:47,2024-11-28 22:18:47
7247,ED_000269,Moses_Moses,M,Orlando,1964-12-22,2024-11-28 22:18:47,2024-11-28 22:18:47
7248,ED_000270,Monique_Monique,F,Cardington,1990-09-04,2024-11-28 22:18:47,2024-11-28 22:18:47
7249,ED_000271,Domingo_Domingo,M,Littlefield,1988-07-11,2024-11-28 22:18:47,2024-11-28 22:18:47
7250,ED_000272,Tammy_Tammy,F,Dongola,1960-07-13,2024-11-28 22:18:47,2024-11-28 22:18:47
7251,ED_000273,Federico_Federico,M,Hart,1974-11-16,2024-11-28 22:18:47,2024-11-28 22:18:47
7252,ED_000274,Kory_Kory,M,Buies Creek,1974-01-18,2024-11-28 22:18:47,2024-11-28 22:18:47
7253,ED_000275,Nichole_Nichole,F,Wichita,1986-04-23,2024-11-28 22:18:47,2024-11-28 22:18:47
7254,ED_000276,Rodger_Rodger,M,Sacramento,1981-10-07,2024-11-28 22:18:47,2024-11-28 22:18:47
7255,ED_000277,Bruce_Bruce,M,Detroit,1974-09-02,2024-11-28 22:18:47,2024-11-28 22:18:47
7256,ED_000278,Derick_Derick,M,Mc Veytown,1975-07-02,2024-11-28 22:18:47,2024-11-28 22:18:47
7257,ED_000279,Lorna_Lorna,F,Scranton,1989-09-06,2024-11-28 22:18:47,2024-11-28 22:18:47
7258,ED_000280,Rico_Rico,M,Mineral City,1991-10-06,2024-11-28 22:18:47,2024-11-28 22:18:47
7259,ED_000281,Luann_Luann,F,Phoenix,1977-03-26,2024-11-28 22:18:47,2024-11-28 22:18:47
7260,ED_000282,Tara_Tara,F,Glenmoore,1968-07-23,2024-11-28 22:18:47,2024-11-28 22:18:47
7261,ED_000283,Shaun_Shaun,M,Kansas City,1969-02-04,2024-11-28 22:18:47,2024-11-28 22:18:47
7262,ED_000284,Debbie_Debbie,F,Littleton,1963-04-13,2024-11-28 22:18:47,2024-11-28 22:18:47
7263,ED_000285,May_May,F,Leslie,1975-01-22,2024-11-28 22:18:47,2024-11-28 22:18:47
7264,ED_000286,Adeline_Adeline,F,Niota,1988-08-13,2024-11-28 22:18:47,2024-11-28 22:18:47
7265,ED_000287,Guy_Guy,M,Castle Rock,1960-09-18,2024-11-28 22:18:47,2024-11-28 22:18:47
7266,ED_000288,Opal_Opal,F,South Ryegate,1977-01-11,2024-11-28 22:18:47,2024-11-28 22:18:47
7267,ED_000289,Robbie_Robbie,F,Pascagoula,1993-08-02,2024-11-28 22:18:47,2024-11-28 22:18:47
7268,ED_000290,Ella_Ella,F,Norvelt,1992-02-18,2024-11-28 22:18:47,2024-11-28 22:18:47
7269,ED_000291,Derrick_Derrick,M,Ossian,1965-04-16,2024-11-28 22:18:47,2024-11-28 22:18:47
7270,ED_000292,Maura_Maura,F,Fairfield,1970-03-05,2024-11-28 22:18:47,2024-11-28 22:18:47
7271,ED_000293,Roderick_Roderick,M,Encampment,1994-03-03,2024-11-28 22:18:47,2024-11-28 22:18:47
7272,ED_000294,Gwen_Gwen,F,Marathon,1995-01-13,2024-11-28 22:18:47,2024-11-28 22:18:47
7273,ED_000295,Melanie_Melanie,F,La Puente,1970-09-06,2024-11-28 22:18:47,2024-11-28 22:18:47
7274,ED_000296,Micah_Micah,M,Lyoth,1983-10-25,2024-11-28 22:18:47,2024-11-28 22:18:47
7275,ED_000297,Buford_Buford,M,Success,1975-03-10,2024-11-28 22:18:47,2024-11-28 22:18:47
7276,ED_000298,Kyle_Kyle,M,Tebbetts,1974-11-20,2024-11-28 22:18:47,2024-11-28 22:18:47
7277,ED_000299,Jocelyn_Jocelyn,F,Merritt Island,1969-04-02,2024-11-28 22:18:47,2024-11-28 22:18:47
7278,ED_000300,Larry_Larry,M,San Augustine,1993-09-14,2024-11-28 22:18:47,2024-11-28 22:18:47
7279,ED_000301,Wilbur_Wilbur,M,West Copake,1989-07-27,2024-11-28 22:18:47,2024-11-28 22:18:47
7280,ED_000302,Maxine_Maxine,F,Hogansburg,1968-04-27,2024-11-28 22:18:47,2024-11-28 22:18:47
7281,ED_000303,Kathleen_Kathleen,F,Somerset,1979-05-03,2024-11-28 22:18:47,2024-11-28 22:18:47
7282,ED_000304,Norbert_Norbert,M,Schuyler,1966-04-18,2024-11-28 22:18:47,2024-11-28 22:18:47
7283,ED_000305,Chadwick_Chadwick,M,Lattimer Mines,1966-02-17,2024-11-28 22:18:47,2024-11-28 22:18:47
7284,ED_000306,Connie_Connie,F,Casselberry,1973-10-08,2024-11-28 22:18:47,2024-11-28 22:18:47
7285,ED_000307,Bobbie_Bobbie,F,Jamaica,1985-01-31,2024-11-28 22:18:47,2024-11-28 22:18:47
7286,ED_000308,Lesley_Lesley,F,Nuevo,1995-02-03,2024-11-28 22:18:47,2024-11-28 22:18:47
7287,ED_000309,Victoria_Victoria,F,Toledo,1968-09-02,2024-11-28 22:18:47,2024-11-28 22:18:47
7288,ED_000310,Marc_Marc,M,East Hickory,1970-02-20,2024-11-28 22:18:47,2024-11-28 22:18:47
7289,ED_000311,Elias_Elias,M,Mayking,1996-03-18,2024-11-28 22:18:47,2024-11-28 22:18:47
7290,ED_000312,Flossie_Flossie,F,Nezperce,1969-11-18,2024-11-28 22:18:47,2024-11-28 22:18:47
7291,ED_000313,Lana_Lana,F,Shawnee Mission,1975-12-17,2024-11-28 22:18:47,2024-11-28 22:18:47
7292,ED_000314,Nick_Nick,M,Glen Ellyn,1976-11-18,2024-11-28 22:18:47,2024-11-28 22:18:47
7293,ED_000315,Nona_Nona,F,Odessa,1988-09-06,2024-11-28 22:18:47,2024-11-28 22:18:47
7294,ED_000316,Abdul_Abdul,M,Alexandria,1985-03-26,2024-11-28 22:18:47,2024-11-28 22:18:47
7295,ED_000317,Inez_Inez,F,Sierra Madre,1985-12-05,2024-11-28 22:18:47,2024-11-28 22:18:47
7296,ED_000318,Raquel_Raquel,F,Pine Island,1993-09-12,2024-11-28 22:18:47,2024-11-28 22:18:47
7297,ED_000319,Sean_Sean,M,Corona,1962-08-17,2024-11-28 22:18:47,2024-11-28 22:18:47
7298,ED_000320,Fred_Fred,M,North Palm Springs,1970-12-23,2024-11-28 22:18:47,2024-11-28 22:18:47
7299,ED_000321,Sylvester_Sylvester,M,Sarasota,1987-09-25,2024-11-28 22:18:47,2024-11-28 22:18:47
7300,ED_000322,Berta_Berta,F,Holbrook,1983-12-01,2024-11-28 22:18:47,2024-11-28 22:18:47
7301,ED_000323,Noelle_Noelle,F,Crocker,1964-01-02,2024-11-28 22:18:47,2024-11-28 22:18:47
7302,ED_000324,Chrystal_Chrystal,F,Norristown,1984-02-25,2024-11-28 22:18:47,2024-11-28 22:18:47
7303,ED_000325,Reggie_Reggie,M,Woodward,1989-09-17,2024-11-28 22:18:47,2024-11-28 22:18:47
7304,ED_000326,Joanne_Joanne,F,Cincinnati,1964-12-19,2024-11-28 22:18:47,2024-11-28 22:18:47
7305,ED_000327,Bryon_Bryon,M,Platina,1985-02-23,2024-11-28 22:18:47,2024-11-28 22:18:47
7306,ED_000328,Noreen_Noreen,F,Fisty,1994-09-15,2024-11-28 22:18:47,2024-11-28 22:18:47
7307,ED_000329,Mathew_Mathew,M,Millville,1993-06-09,2024-11-28 22:18:47,2024-11-28 22:18:47
7308,ED_000330,Herminia_Herminia,F,Reidsville,1961-02-24,2024-11-28 22:18:47,2024-11-28 22:18:47
7309,ED_000331,Luke_Luke,M,Harned,1984-08-25,2024-11-28 22:18:47,2024-11-28 22:18:47
7310,ED_000332,Ronny_Ronny,M,Thompson,1982-10-12,2024-11-28 22:18:47,2024-11-28 22:18:47
7311,ED_000333,Jeannine_Jeannine,F,Bingham,1978-09-04,2024-11-28 22:18:47,2024-11-28 22:18:47
7312,ED_000334,Silvia_Silvia,F,Fort Worth,1974-12-02,2024-11-28 22:18:47,2024-11-28 22:18:47
7313,ED_000335,Margo_Margo,F,Crouseville,1985-05-14,2024-11-28 22:18:47,2024-11-28 22:18:47
7314,ED_000336,Kimberly_Kimberly,F,Carter,1958-12-31,2024-11-28 22:18:47,2024-11-28 22:18:47
7315,ED_000337,Jodie_Jodie,F,Miston,1995-10-16,2024-11-28 22:18:47,2024-11-28 22:18:47
7316,ED_000338,Lorrie_Lorrie,F,San Bernardino,1968-12-01,2024-11-28 22:18:47,2024-11-28 22:18:47
7317,ED_000339,Miles_Miles,M,Indianapolis,1976-03-08,2024-11-28 22:18:47,2024-11-28 22:18:47
7318,ED_000340,Jamar_Jamar,M,Wilmington,1982-11-05,2024-11-28 22:18:47,2024-11-28 22:18:47
7319,ED_000341,Amber_Amber,F,Darien,1957-11-19,2024-11-28 22:18:47,2024-11-28 22:18:47
7320,ED_000342,Sterling_Sterling,M,Burton,1966-02-15,2024-11-28 22:18:47,2024-11-28 22:18:47
7321,ED_000343,Enid_Enid,F,Brick,1972-07-28,2024-11-28 22:18:47,2024-11-28 22:18:47
7322,ED_000344,Annmarie_Annmarie,F,Smithville,1986-04-06,2024-11-28 22:18:47,2024-11-28 22:18:47
7323,ED_000345,Molly_Molly,F,Fairwater,1966-10-21,2024-11-28 22:18:47,2024-11-28 22:18:47
7324,ED_000346,Rogelio_Rogelio,M,Vici,1992-03-31,2024-11-28 22:18:47,2024-11-28 22:18:47
7325,ED_000347,Mathew_Mathew,M,Ramona,1993-01-17,2024-11-28 22:18:47,2024-11-28 22:18:47
7326,ED_000348,Lewis_Lewis,M,Lexington,1992-11-29,2024-11-28 22:18:47,2024-11-28 22:18:47
7327,ED_000349,Claudette_Claudette,F,Albany,1984-02-17,2024-11-28 22:18:47,2024-11-28 22:18:47
7328,ED_000350,Tracie_Tracie,F,The Villages,1973-05-31,2024-11-28 22:18:47,2024-11-28 22:18:47
7329,ED_000351,Eric_Eric,M,Lafayette,1965-10-17,2024-11-28 22:18:47,2024-11-28 22:18:47
7330,ED_000352,Nestor_Nestor,M,Warsaw,1975-05-06,2024-11-28 22:18:47,2024-11-28 22:18:47
7331,ED_000353,Mitzi_Mitzi,F,Rockland,1967-03-03,2024-11-28 22:18:47,2024-11-28 22:18:47
7332,ED_000354,Lillian_Lillian,F,Clipper Mills,1993-02-25,2024-11-28 22:18:47,2024-11-28 22:18:47
7333,ED_000355,Barry_Barry,M,Donaldson,1979-12-21,2024-11-28 22:18:47,2024-11-28 22:18:47
7334,ED_000356,Coleen_Coleen,F,Holmes,1995-11-16,2024-11-28 22:18:47,2024-11-28 22:18:47
7335,ED_000357,Marci_Marci,F,Bowling Green,1966-05-31,2024-11-28 22:18:47,2024-11-28 22:18:47
7336,ED_000358,Monty_Monty,M,Sedley,1960-03-18,2024-11-28 22:18:47,2024-11-28 22:18:47
7337,ED_000359,Norris_Norris,M,Georgetown,1993-10-21,2024-11-28 22:18:47,2024-11-28 22:18:47
7338,ED_000360,Elvira_Elvira,F,Louisville,1990-07-02,2024-11-28 22:18:47,2024-11-28 22:18:47
7339,ED_000361,Keven_Keven,M,Philadelphia,1989-11-02,2024-11-28 22:18:47,2024-11-28 22:18:47
7340,ED_000362,Rosendo_Rosendo,M,Ripley,1978-10-26,2024-11-28 22:18:47,2024-11-28 22:18:47
7341,ED_000363,Carly_Carly,F,Oakland,1971-03-01,2024-11-28 22:18:47,2024-11-28 22:18:47
7342,ED_000364,Colleen_Colleen,F,Jacksonville,1982-07-04,2024-11-28 22:18:47,2024-11-28 22:18:47
7343,ED_000365,Ollie_Ollie,F,Gillett,1979-10-19,2024-11-28 22:18:47,2024-11-28 22:18:47
7344,ED_000366,Hilario_Hilario,M,Ridge,1978-06-06,2024-11-28 22:18:47,2024-11-28 22:18:47
7345,ED_000367,Nadine_Nadine,F,Los Molinos,1978-03-14,2024-11-28 22:18:47,2024-11-28 22:18:47
7346,ED_000368,Wm_Wm,M,Unionville,1987-05-16,2024-11-28 22:18:47,2024-11-28 22:18:47
7347,ED_000369,Minnie_Minnie,F,Swanton,1995-08-26,2024-11-28 22:18:47,2024-11-28 22:18:47
7348,ED_000370,Angela_Angela,F,Middletown Springs,1967-01-21,2024-11-28 22:18:47,2024-11-28 22:18:47
7349,ED_000371,Lillian_Lillian,F,Claunch,1970-07-28,2024-11-28 22:18:47,2024-11-28 22:18:47
7350,ED_000372,Bob_Bob,M,North Collins,1991-10-26,2024-11-28 22:18:47,2024-11-28 22:18:47
7351,ED_000374,Bernardo_Bernardo,M,Atlanta,1972-10-21,2024-11-28 22:18:47,2024-11-28 22:18:47
7352,ED_000375,William_William,M,Longdale,1967-03-30,2024-11-28 22:18:47,2024-11-28 22:18:47
7353,ED_000376,Vance_Vance,M,Independence,1972-09-11,2024-11-28 22:18:47,2024-11-28 22:18:47
7354,ED_000377,Edmund_Edmund,M,Hillsboro,1959-08-07,2024-11-28 22:18:47,2024-11-28 22:18:47
7355,ED_000378,Imogene_Imogene,F,Hayesville,1985-03-06,2024-11-28 22:18:47,2024-11-28 22:18:47
7356,ED_000379,Darin_Darin,M,Avon,1992-10-27,2024-11-28 22:18:47,2024-11-28 22:18:47
7357,ED_000380,Loretta_Loretta,F,Nerinx,1996-01-23,2024-11-28 22:18:47,2024-11-28 22:18:47
7358,ED_000381,Olive_Olive,F,Alba,1981-09-02,2024-11-28 22:18:47,2024-11-28 22:18:47
7359,ED_000382,Gino_Gino,M,Coosawatchie,1975-08-10,2024-11-28 22:18:47,2024-11-28 22:18:47
7360,ED_000383,Fred_Fred,M,Pleasant Grove,1979-12-17,2024-11-28 22:18:47,2024-11-28 22:18:47
7361,ED_000384,Nelson_Nelson,M,Fort Smith,1961-12-12,2024-11-28 22:18:47,2024-11-28 22:18:47
7362,ED_000385,Joyce_Joyce,F,Murray,1980-02-21,2024-11-28 22:18:47,2024-11-28 22:18:47
7363,ED_000386,Juliana_Juliana,F,Saint Louis,1993-07-04,2024-11-28 22:18:47,2024-11-28 22:18:47
7364,ED_000387,Norris_Norris,M,Erving,1983-09-18,2024-11-28 22:18:47,2024-11-28 22:18:47
7365,ED_000388,Tom_Tom,M,Deridder,1976-09-04,2024-11-28 22:18:47,2024-11-28 22:18:47
7366,ED_000389,Josephine_Josephine,F,Reynoldsburg,1972-12-29,2024-11-28 22:18:47,2024-11-28 22:18:47
7367,ED_000390,Les_Les,M,Tacoma,1990-06-07,2024-11-28 22:18:47,2024-11-28 22:18:47
7368,ED_000391,Jaime_Jaime,M,Verona,1967-07-03,2024-11-28 22:18:47,2024-11-28 22:18:47
7369,ED_000392,Marissa_Marissa,F,Atlanta,1979-03-10,2024-11-28 22:18:47,2024-11-28 22:18:47
7370,ED_000393,Lavern_Lavern,M,Richmond,1971-10-19,2024-11-28 22:18:47,2024-11-28 22:18:47
7371,ED_000394,Evangeline_Evangeline,F,Cedar City,1959-06-09,2024-11-28 22:18:47,2024-11-28 22:18:47
7372,ED_000395,Brandy_Brandy,F,Watford City,1976-11-21,2024-11-28 22:18:47,2024-11-28 22:18:47
7373,ED_000396,Molly_Molly,F,Russell Springs,1962-11-06,2024-11-28 22:18:47,2024-11-28 22:18:47
7374,ED_000397,Gale_Gale,M,Killdeer,1964-02-12,2024-11-28 22:18:47,2024-11-28 22:18:47
7375,ED_000398,Merlin_Merlin,M,Fawn Grove,1991-01-01,2024-11-28 22:18:47,2024-11-28 22:18:47
7376,ED_000399,Nelson_Nelson,M,California,1967-02-06,2024-11-28 22:18:47,2024-11-28 22:18:47
7377,ED_000400,Jackson_Jackson,M,Jackson,1983-03-14,2024-11-28 22:18:47,2024-11-28 22:18:47
7378,ED_000401,Trisha_Trisha,F,Niverville,1975-06-13,2024-11-28 22:18:47,2024-11-28 22:18:47
7379,ED_000402,Lilia_Lilia,F,Aromas,1980-07-06,2024-11-28 22:18:47,2024-11-28 22:18:47
7380,ED_000403,Kimberly_Kimberly,F,Kenesaw,1976-07-10,2024-11-28 22:18:47,2024-11-28 22:18:47
7381,ED_000404,Luciano_Luciano,M,Geneseo,1994-04-23,2024-11-28 22:18:47,2024-11-28 22:18:47
7382,ED_000405,Danny_Danny,M,Bluffton,1963-09-27,2024-11-28 22:18:47,2024-11-28 22:18:47
7383,ED_000406,Wilfredo_Wilfredo,M,Randall,1960-12-13,2024-11-28 22:18:47,2024-11-28 22:18:47
7384,ED_000407,Callie_Callie,F,Ocate,1989-12-18,2024-11-28 22:18:47,2024-11-28 22:18:47
7385,ED_000408,Rachelle_Rachelle,F,El Paso,1977-11-27,2024-11-28 22:18:47,2024-11-28 22:18:47
7386,ED_000409,Bobbi_Bobbi,F,Keystone,1963-03-11,2024-11-28 22:18:47,2024-11-28 22:18:47
7387,ED_000410,Kris_Kris,F,Leeton,1966-02-24,2024-11-28 22:18:47,2024-11-28 22:18:47
7388,ED_000411,Marissa_Marissa,F,Davenport,1958-07-13,2024-11-28 22:18:47,2024-11-28 22:18:47
7389,ED_000412,Jamar_Jamar,M,Texola,1965-06-13,2024-11-28 22:18:47,2024-11-28 22:18:47
7390,ED_000413,Nelda_Nelda,F,Columbus,1986-01-16,2024-11-28 22:18:47,2024-11-28 22:18:47
7391,ED_000414,Carolina_Carolina,F,Newark,1971-06-10,2024-11-28 22:18:47,2024-11-28 22:18:47
7392,ED_000415,Terri_Terri,F,Copper City,1975-11-23,2024-11-28 22:18:47,2024-11-28 22:18:47
7393,ED_000416,Nestor_Nestor,M,Clarksville,1979-05-04,2024-11-28 22:18:47,2024-11-28 22:18:47
7394,ED_000417,Adrian_Adrian,F,Glen Spey,1958-08-06,2024-11-28 22:18:47,2024-11-28 22:18:47
7395,ED_000418,Kyle_Kyle,M,Pine,1993-09-02,2024-11-28 22:18:47,2024-11-28 22:18:47
7396,ED_000419,Domingo_Domingo,M,Milwaukee,1985-01-21,2024-11-28 22:18:47,2024-11-28 22:18:47
7397,ED_000420,Leonardo_Leonardo,M,Macon,1974-01-24,2024-11-28 22:18:47,2024-11-28 22:18:47
7398,ED_000421,Hubert_Hubert,M,Rush,1980-03-22,2024-11-28 22:18:47,2024-11-28 22:18:47
7399,ED_000422,Kory_Kory,M,Leeds,1987-08-29,2024-11-28 22:18:47,2024-11-28 22:18:47
7400,ED_000423,Tami_Tami,F,Dayton,1992-12-18,2024-11-28 22:18:47,2024-11-28 22:18:47
7401,ED_000424,Amanda_Amanda,F,Agua Dulce,1973-05-27,2024-11-28 22:18:47,2024-11-28 22:18:47
7402,ED_000425,Stephen_Stephen,M,Jersey City,1990-06-13,2024-11-28 22:18:47,2024-11-28 22:18:47
7403,ED_000426,Johnie_Johnie,M,Stanardsville,1991-07-06,2024-11-28 22:18:47,2024-11-28 22:18:47
7404,ED_000427,Rebekah_Rebekah,F,Glen Haven,1973-01-25,2024-11-28 22:18:47,2024-11-28 22:18:47
7405,ED_000428,Kelly_Kelly,F,Penwell,1972-12-03,2024-11-28 22:18:47,2024-11-28 22:18:47
7406,ED_000429,Tracie_Tracie,F,North Bergen,1982-11-05,2024-11-28 22:18:47,2024-11-28 22:18:47
7407,ED_000430,Bennett_Bennett,M,Winston Salem,1982-08-08,2024-11-28 22:18:47,2024-11-28 22:18:47
7408,ED_000431,Vernon_Vernon,M,Hallstead,1962-06-10,2024-11-28 22:18:47,2024-11-28 22:18:47
7409,ED_000432,Theron_Theron,M,Orange,1995-03-15,2024-11-28 22:18:47,2024-11-28 22:18:47
7410,ED_000433,Ernie_Ernie,M,Durham,1983-11-28,2024-11-28 22:18:47,2024-11-28 22:18:47
7411,ED_000434,Shawn_Shawn,M,Manhattan Beach,1978-04-12,2024-11-28 22:18:47,2024-11-28 22:18:47
7412,ED_000435,Enrique_Enrique,M,Binger,1965-12-14,2024-11-28 22:18:47,2024-11-28 22:18:47
7413,ED_000436,Ernie_Ernie,M,Higgins,1960-08-08,2024-11-28 22:18:47,2024-11-28 22:18:47
7414,ED_000437,Carolyn_Carolyn,F,Eben Junction,1960-04-29,2024-11-28 22:18:47,2024-11-28 22:18:47
7415,ED_000438,Margie_Margie,F,Port Washington,1979-04-13,2024-11-28 22:18:47,2024-11-28 22:18:47
7416,ED_000439,Keven_Keven,M,Atkins,1972-12-07,2024-11-28 22:18:47,2024-11-28 22:18:47
7417,ED_000440,Bruce_Bruce,M,Ida,1972-02-05,2024-11-28 22:18:47,2024-11-28 22:18:47
7418,ED_000441,Kristen_Kristen,F,Smyrna,1989-06-07,2024-11-28 22:18:47,2024-11-28 22:18:47
7419,ED_000442,Howard_Howard,M,Elmer,1983-02-25,2024-11-28 22:18:47,2024-11-28 22:18:47
7420,ED_000443,Merle_Merle,M,Maple Plain,1977-11-14,2024-11-28 22:18:47,2024-11-28 22:18:47
7421,ED_000444,Hector_Hector,M,Easton,1988-09-10,2024-11-28 22:18:47,2024-11-28 22:18:47
7422,ED_000445,Darnell_Darnell,M,New York City,1969-09-13,2024-11-28 22:18:47,2024-11-28 22:18:47
7423,ED_000446,Janelle_Janelle,F,Atqasuk,1971-02-23,2024-11-28 22:18:47,2024-11-28 22:18:47
7424,ED_000447,Eula_Eula,F,Slemp,1963-06-05,2024-11-28 22:18:47,2024-11-28 22:18:47
7425,ED_000448,Theresa_Theresa,F,Sonnette,1959-02-27,2024-11-28 22:18:47,2024-11-28 22:18:47
7426,ED_000449,Kimberley_Kimberley,F,Excelsior Springs,1989-01-10,2024-11-28 22:18:47,2024-11-28 22:18:47
7427,ED_000450,Angelita_Angelita,F,West Bloomfield,1963-06-16,2024-11-28 22:18:47,2024-11-28 22:18:47
7428,ED_000451,Selma_Selma,F,Union City,1993-09-30,2024-11-28 22:18:47,2024-11-28 22:18:47
7429,ED_000452,Edna_Edna,F,Washington,1960-08-01,2024-11-28 22:18:47,2024-11-28 22:18:47
7430,ED_000453,Dewayne_Dewayne,M,Kansas City,1958-12-11,2024-11-28 22:18:47,2024-11-28 22:18:47
7431,ED_000454,Gale_Gale,M,Easton,1961-05-25,2024-11-28 22:18:47,2024-11-28 22:18:47
7432,ED_000455,Cora_Cora,F,Colorado Springs,1963-12-24,2024-11-28 22:18:47,2024-11-28 22:18:47
7433,ED_000456,Annmarie_Annmarie,F,Bronx,1980-10-16,2024-11-28 22:18:47,2024-11-28 22:18:47
7434,ED_000457,Owen_Owen,M,Joplin,1976-10-11,2024-11-28 22:18:47,2024-11-28 22:18:47
7435,ED_000458,Chrystal_Chrystal,F,Wellesley Island,1966-11-20,2024-11-28 22:18:47,2024-11-28 22:18:47
7436,ED_000459,Thurman_Thurman,M,Oakville,1969-04-14,2024-11-28 22:18:47,2024-11-28 22:18:47
7437,ED_000460,Darnell_Darnell,M,Somers,1982-04-17,2024-11-28 22:18:47,2024-11-28 22:18:47
7438,ED_000461,Raymundo_Raymundo,M,Sargeant,1963-11-27,2024-11-28 22:18:47,2024-11-28 22:18:47
7439,ED_000462,Frederick_Frederick,M,Tisch Mills,1962-12-22,2024-11-28 22:18:47,2024-11-28 22:18:47
7440,ED_000463,Natalie_Natalie,F,Washington,1973-12-24,2024-11-28 22:18:47,2024-11-28 22:18:47
7441,ED_000464,Thad_Thad,M,Baxter,1994-02-24,2024-11-28 22:18:47,2024-11-28 22:18:47
7442,ED_000465,Belinda_Belinda,F,Killduff,1991-10-19,2024-11-28 22:18:47,2024-11-28 22:18:47
7443,ED_000466,Rosanna_Rosanna,F,Wolf Creek,1972-12-04,2024-11-28 22:18:47,2024-11-28 22:18:47
7444,ED_000467,Wilda_Wilda,F,Sebago,1986-04-11,2024-11-28 22:18:47,2024-11-28 22:18:47
7445,ED_000468,Alyssa_Alyssa,F,Saltville,1978-05-26,2024-11-28 22:18:47,2024-11-28 22:18:47
7446,ED_000469,Liz_Liz,F,Los Angeles,1991-02-09,2024-11-28 22:18:47,2024-11-28 22:18:47
7447,ED_000470,Mariano_Mariano,M,Ellamore,1959-02-08,2024-11-28 22:18:47,2024-11-28 22:18:47
7448,ED_000471,Forest_Forest,M,Fargo,1963-08-29,2024-11-28 22:18:47,2024-11-28 22:18:47
7449,ED_000472,Gino_Gino,M,Earlysville,1965-11-20,2024-11-28 22:18:47,2024-11-28 22:18:47
7450,ED_000473,Jarred_Jarred,M,Natural Bridge,1968-01-05,2024-11-28 22:18:47,2024-11-28 22:18:47
7451,ED_000474,Preston_Preston,M,Gideon,1968-03-21,2024-11-28 22:18:47,2024-11-28 22:18:47
7452,ED_000475,Clinton_Clinton,M,Ortonville,1982-08-19,2024-11-28 22:18:47,2024-11-28 22:18:47
7453,ED_000476,Dana_Dana,F,Sand Point,1958-05-11,2024-11-28 22:18:47,2024-11-28 22:18:47
7454,ED_000477,Odell_Odell,M,Twin Lakes,1980-10-20,2024-11-28 22:18:47,2024-11-28 22:18:47
7455,ED_000478,Tameka_Tameka,F,Glyndon,1983-08-30,2024-11-28 22:18:47,2024-11-28 22:18:47
7456,ED_000479,Dominique_Dominique,M,Lynndyl,1991-08-01,2024-11-28 22:18:47,2024-11-28 22:18:47
7457,ED_000480,Abraham_Abraham,M,Krypton,1989-03-05,2024-11-28 22:18:47,2024-11-28 22:18:47
7458,ED_000481,Augustus_Augustus,M,Yakima,1966-11-27,2024-11-28 22:18:47,2024-11-28 22:18:47
7459,ED_000482,Rene_Rene,M,Buckner,1992-01-01,2024-11-28 22:18:47,2024-11-28 22:18:47
7460,ED_000483,Christian_Christian,M,Canton,1980-07-21,2024-11-28 22:18:47,2024-11-28 22:18:47
7461,ED_000484,Major_Major,M,Salters,1982-09-11,2024-11-28 22:18:47,2024-11-28 22:18:47
7462,ED_000485,Frieda_Frieda,F,Allentown,1957-08-23,2024-11-28 22:18:47,2024-11-28 22:18:47
7463,ED_000486,Rachael_Rachael,F,Houston,1960-12-06,2024-11-28 22:18:47,2024-11-28 22:18:47
7464,ED_000487,Bernadine_Bernadine,F,Lexington,1967-01-12,2024-11-28 22:18:47,2024-11-28 22:18:47
7465,ED_000488,Deanna_Deanna,F,Milwaukee,1972-08-09,2024-11-28 22:18:47,2024-11-28 22:18:47
7466,ED_000489,Joseph_Joseph,M,Camden,1979-03-10,2024-11-28 22:18:47,2024-11-28 22:18:47
7467,ED_000490,Antwan_Antwan,M,San Bernardino,1973-09-29,2024-11-28 22:18:47,2024-11-28 22:18:47
7468,ED_000491,Harrison_Harrison,M,Kansas City,1975-04-13,2024-11-28 22:18:47,2024-11-28 22:18:47
7469,ED_000492,Dylan_Dylan,M,Washington Navy Yard,1963-01-07,2024-11-28 22:18:47,2024-11-28 22:18:47
7470,ED_000493,Winston_Winston,M,Napoleonville,1958-11-04,2024-11-28 22:18:47,2024-11-28 22:18:47
7471,ED_000494,Serena_Serena,F,Curtis Bay,1980-01-11,2024-11-28 22:18:47,2024-11-28 22:18:47
7472,ED_000495,Maryann_Maryann,F,Chunky,1971-02-11,2024-11-28 22:18:47,2024-11-28 22:18:47
7473,ED_000496,Roxie_Roxie,F,Piney Fork,1989-10-14,2024-11-28 22:18:47,2024-11-28 22:18:47
7474,ED_000497,Sonny_Sonny,M,Cincinnati,1969-11-19,2024-11-28 22:18:47,2024-11-28 22:18:47
7475,ED_000498,Eduardo_Eduardo,M,Pelican Lake,1970-03-30,2024-11-28 22:18:47,2024-11-28 22:18:47
7476,ED_000499,Marietta_Marietta,F,Prescott,1971-03-25,2024-11-28 22:18:47,2024-11-28 22:18:47
7477,ED_000500,Nettie_Nettie,F,Columbus,1979-06-26,2024-11-28 22:18:47,2024-11-28 22:18:47
7478,ED_000501,Sandy_Sandy,M,Franklin,1989-07-21,2024-11-28 22:18:47,2024-11-28 22:18:47
7479,ED_000502,Christopher_Christopher,M,Belvidere,1989-07-24,2024-11-28 22:18:47,2024-11-28 22:18:47
7480,ED_000503,Felicia_Felicia,F,Lee Mont,1973-04-02,2024-11-28 22:18:47,2024-11-28 22:18:47
7481,ED_000504,Tyler_Tyler,M,Hattiesburg,1968-04-23,2024-11-28 22:18:47,2024-11-28 22:18:47
7482,ED_000505,Arline_Arline,F,Donovan,1987-12-28,2024-11-28 22:18:47,2024-11-28 22:18:47
7483,ED_000506,Margo_Margo,F,Madison,1970-01-26,2024-11-28 22:18:47,2024-11-28 22:18:47
7484,ED_000507,Kareem_Kareem,M,Niagara Falls,1982-07-23,2024-11-28 22:18:47,2024-11-28 22:18:47
7485,ED_000508,Nanette_Nanette,F,Terra Bella,1963-05-13,2024-11-28 22:18:47,2024-11-28 22:18:47
7486,ED_000509,Myra_Myra,F,Shepherdsville,1990-11-02,2024-11-28 22:18:47,2024-11-28 22:18:47
7487,ED_000510,Luther_Luther,M,Cuthbert,1980-01-28,2024-11-28 22:18:47,2024-11-28 22:18:47
7488,ED_000511,Ramon_Ramon,M,Sterling,1990-09-22,2024-11-28 22:18:47,2024-11-28 22:18:47
7489,ED_000512,Sallie_Sallie,F,Covington,1962-11-08,2024-11-28 22:18:47,2024-11-28 22:18:47
7490,ED_000513,Shirley_Shirley,F,Garden Grove,1977-04-08,2024-11-28 22:18:47,2024-11-28 22:18:47
7491,ED_000514,Corey_Corey,M,Syracuse,1971-07-23,2024-11-28 22:18:47,2024-11-28 22:18:47
7492,ED_000515,Carrie_Carrie,F,Doddridge,1994-12-03,2024-11-28 22:18:47,2024-11-28 22:18:47
7493,ED_000516,Ofelia_Ofelia,F,Taftville,1974-05-14,2024-11-28 22:18:47,2024-11-28 22:18:47
7494,ED_000517,Shelton_Shelton,M,Klemme,1986-04-20,2024-11-28 22:18:47,2024-11-28 22:18:47
7495,ED_000518,Carlene_Carlene,F,Siasconset,1994-07-21,2024-11-28 22:18:47,2024-11-28 22:18:47
7496,ED_000519,Earline_Earline,F,Lykens,1975-07-19,2024-11-28 22:18:47,2024-11-28 22:18:47
7497,ED_000520,Kitty_Kitty,F,Portland,1958-02-11,2024-11-28 22:18:47,2024-11-28 22:18:47
7498,ED_000521,Lavonne_Lavonne,F,Westhoff,1969-11-24,2024-11-28 22:18:47,2024-11-28 22:18:47
7499,ED_000522,Reyna_Reyna,F,Alliance,1982-10-10,2024-11-28 22:18:47,2024-11-28 22:18:47
7500,ED_000523,Preston_Preston,M,Rudyard,1961-10-30,2024-11-28 22:18:47,2024-11-28 22:18:47
7501,ED_000524,Isaac_Isaac,M,Lynbrook,1964-07-14,2024-11-28 22:18:47,2024-11-28 22:18:47
7502,ED_000525,Noe_Noe,M,Solon Mills,1975-03-22,2024-11-28 22:18:47,2024-11-28 22:18:47
7503,ED_000526,Callie_Callie,F,New York City,1967-12-25,2024-11-28 22:18:47,2024-11-28 22:18:47
7504,ED_000527,Elliott_Elliott,M,Atlanta,1966-01-29,2024-11-28 22:18:47,2024-11-28 22:18:47
7505,ED_000528,Georgina_Georgina,F,Uniontown,1991-09-11,2024-11-28 22:18:47,2024-11-28 22:18:47
7506,ED_000529,Frances_Frances,M,Little Ferry,1966-11-20,2024-11-28 22:18:47,2024-11-28 22:18:47
7507,ED_000530,Marc_Marc,M,Robert Lee,1982-07-21,2024-11-28 22:18:47,2024-11-28 22:18:47
7508,ED_000531,Nathaniel_Nathaniel,M,Covel,1967-02-11,2024-11-28 22:18:47,2024-11-28 22:18:47
7509,ED_000532,Colby_Colby,M,Midland,1973-08-08,2024-11-28 22:18:47,2024-11-28 22:18:47
7510,ED_000533,Dee_Dee,F,Denham,1963-09-21,2024-11-28 22:18:47,2024-11-28 22:18:47
7511,ED_000534,Willie_Willie,M,Desoto,1962-09-01,2024-11-28 22:18:47,2024-11-28 22:18:47
7512,ED_000535,Alison_Alison,F,Monetta,1971-12-08,2024-11-28 22:18:47,2024-11-28 22:18:47
7513,ED_000536,Gena_Gena,F,Alix,1989-05-05,2024-11-28 22:18:47,2024-11-28 22:18:47
7514,ED_000537,Tammy_Tammy,F,Ottoville,1980-04-14,2024-11-28 22:18:47,2024-11-28 22:18:47
7515,ED_000538,Shirley_Shirley,F,Martha,1959-06-24,2024-11-28 22:18:47,2024-11-28 22:18:47
7516,ED_000539,Joanna_Joanna,F,Adrian,1987-05-25,2024-11-28 22:18:47,2024-11-28 22:18:47
7517,ED_000540,Amber_Amber,F,Walpole,1973-05-02,2024-11-28 22:18:47,2024-11-28 22:18:47
7518,ED_000541,Lourdes_Lourdes,F,Catalina,1968-05-27,2024-11-28 22:18:47,2024-11-28 22:18:47
7519,ED_000542,Kim_Kim,F,Baxter,1970-02-18,2024-11-28 22:18:47,2024-11-28 22:18:47
7520,ED_000543,Haley_Haley,F,Eagar,1972-03-13,2024-11-28 22:18:47,2024-11-28 22:18:47
7521,ED_000544,Rory_Rory,M,Kona,1966-05-09,2024-11-28 22:18:47,2024-11-28 22:18:47
7522,ED_000545,Kathrine_Kathrine,F,Port Bolivar,1992-07-30,2024-11-28 22:18:47,2024-11-28 22:18:47
7523,ED_000546,Lou_Lou,F,Sheyenne,1989-10-29,2024-11-28 22:18:47,2024-11-28 22:18:47
7524,ED_000547,Karla_Karla,F,Bozeman,1966-06-16,2024-11-28 22:18:47,2024-11-28 22:18:47
7525,ED_000548,Ava_Ava,F,Fairbanks,1983-10-04,2024-11-28 22:18:47,2024-11-28 22:18:47
7526,ED_000549,Roseann_Roseann,F,Rochford,1976-08-17,2024-11-28 22:18:47,2024-11-28 22:18:47
7527,ED_000550,Elizabeth_Elizabeth,F,Dabneys,1995-04-07,2024-11-28 22:18:47,2024-11-28 22:18:47
7528,ED_000551,Flora_Flora,F,Aurora,1957-08-20,2024-11-28 22:18:47,2024-11-28 22:18:47
7529,ED_000552,Shannon_Shannon,F,North Pole,1987-12-17,2024-11-28 22:18:47,2024-11-28 22:18:47
7530,ED_000553,James_James,F,Wilder,1996-04-01,2024-11-28 22:18:47,2024-11-28 22:18:47
7531,ED_000554,Craig_Craig,M,Rockford,1964-09-26,2024-11-28 22:18:47,2024-11-28 22:18:47
7532,ED_000555,Celina_Celina,F,Wetmore,1977-08-25,2024-11-28 22:18:47,2024-11-28 22:18:47
7533,ED_000556,Jimmie_Jimmie,F,Toppenish,1995-02-23,2024-11-28 22:18:47,2024-11-28 22:18:47
7534,ED_000557,Faye_Faye,F,Marion,1985-02-07,2024-11-28 22:18:47,2024-11-28 22:18:47
7535,ED_000558,Gena_Gena,F,Garden City,1973-02-17,2024-11-28 22:18:47,2024-11-28 22:18:47
7536,ED_000559,Deandre_Deandre,M,South Waterford,1966-06-13,2024-11-28 22:18:47,2024-11-28 22:18:47
7537,ED_000560,Garland_Garland,M,Kingston,1971-02-15,2024-11-28 22:18:47,2024-11-28 22:18:47
7538,ED_000561,Jerrod_Jerrod,M,Columbus,1992-07-20,2024-11-28 22:18:47,2024-11-28 22:18:47
7539,ED_000562,Alexis_Alexis,M,Fort Worth,1979-12-25,2024-11-28 22:18:47,2024-11-28 22:18:47
7540,ED_000563,Deidre_Deidre,F,Sykesville,1986-05-28,2024-11-28 22:18:47,2024-11-28 22:18:47
7541,ED_000564,Fred_Fred,M,San Antonio,1970-01-07,2024-11-28 22:18:47,2024-11-28 22:18:47
7542,ED_000565,Effie_Effie,F,Chicora,1962-11-25,2024-11-28 22:18:47,2024-11-28 22:18:47
7543,ED_000566,Juliette_Juliette,F,Chancellor,1964-02-09,2024-11-28 22:18:47,2024-11-28 22:18:47
7544,ED_000567,Susan_Susan,F,Boalsburg,1968-11-12,2024-11-28 22:18:47,2024-11-28 22:18:47
7545,ED_000568,Richie_Richie,M,Floriston,1960-12-10,2024-11-28 22:18:47,2024-11-28 22:18:47
7546,ED_000569,Winston_Winston,M,Rural Retreat,1993-06-12,2024-11-28 22:18:47,2024-11-28 22:18:47
7547,ED_000570,Sammy_Sammy,M,Seminole,1985-02-26,2024-11-28 22:18:47,2024-11-28 22:18:47
7548,ED_000571,Gracie_Gracie,F,Millers Creek,1967-11-29,2024-11-28 22:18:47,2024-11-28 22:18:47
7549,ED_000572,Manuel_Manuel,M,Cyclone,1958-10-25,2024-11-28 22:18:47,2024-11-28 22:18:47
7550,ED_000573,Roberto_Roberto,M,Liscomb,1964-05-24,2024-11-28 22:18:47,2024-11-28 22:18:47
7551,ED_000574,Wilma_Wilma,F,Elk Creek,1963-07-31,2024-11-28 22:18:47,2024-11-28 22:18:47
7552,ED_000575,Roderick_Roderick,M,West Townsend,1984-02-27,2024-11-28 22:18:47,2024-11-28 22:18:47
7553,ED_000576,Mayra_Mayra,F,San Diego,1972-04-22,2024-11-28 22:18:47,2024-11-28 22:18:47
7554,ED_000577,Andres_Andres,M,Edwards,1982-08-21,2024-11-28 22:18:47,2024-11-28 22:18:47
7555,ED_000578,Quentin_Quentin,M,Donaldson,1978-05-08,2024-11-28 22:18:47,2024-11-28 22:18:47
7556,ED_000579,Adrian_Adrian,F,Hartford,1985-01-16,2024-11-28 22:18:47,2024-11-28 22:18:47
7557,ED_000580,Lelia_Lelia,F,Millersburg,1980-05-05,2024-11-28 22:18:47,2024-11-28 22:18:47
7558,ED_000581,Tad_Tad,M,North Port,1977-07-05,2024-11-28 22:18:47,2024-11-28 22:18:47
7559,ED_000582,Pansy_Pansy,F,Hershey,1973-01-19,2024-11-28 22:18:47,2024-11-28 22:18:47
7560,ED_000583,Agustin_Agustin,M,Chattanooga,1962-11-27,2024-11-28 22:18:47,2024-11-28 22:18:47
7561,ED_000584,Riley_Riley,M,El Paso,1991-06-11,2024-11-28 22:18:47,2024-11-28 22:18:47
7562,ED_000585,Bernard_Bernard,M,Kiowa,1989-11-18,2024-11-28 22:18:47,2024-11-28 22:18:47
7563,ED_000586,Lonnie_Lonnie,M,Missouri City,1968-12-05,2024-11-28 22:18:47,2024-11-28 22:18:47
7564,ED_000587,Courtney_Courtney,M,Elliston,1993-03-07,2024-11-28 22:18:47,2024-11-28 22:18:47
7565,ED_000588,Eliza_Eliza,F,Worcester,1987-02-15,2024-11-28 22:18:47,2024-11-28 22:18:47
7566,ED_000589,Jody_Jody,M,Rineyville,1959-11-22,2024-11-28 22:18:47,2024-11-28 22:18:47
7567,ED_000590,Pam_Pam,F,Stockton,1967-01-20,2024-11-28 22:18:47,2024-11-28 22:18:47
7568,ED_000591,Trevor_Trevor,M,Clifton,1982-09-09,2024-11-28 22:18:47,2024-11-28 22:18:47
7569,ED_000592,Tamara_Tamara,F,Essington,1976-04-25,2024-11-28 22:18:47,2024-11-28 22:18:47
7570,ED_000593,Bonita_Bonita,F,Kennett Square,1978-02-09,2024-11-28 22:18:47,2024-11-28 22:18:47
7571,ED_000594,Raphael_Raphael,M,Elm City,1972-08-04,2024-11-28 22:18:47,2024-11-28 22:18:47
7572,ED_000595,Rosanne_Rosanne,F,White Lake,1958-09-22,2024-11-28 22:18:47,2024-11-28 22:18:47
7573,ED_000596,Ola_Ola,F,Redlands,1979-02-12,2024-11-28 22:18:47,2024-11-28 22:18:47
7574,ED_000597,Genevieve_Genevieve,F,Ora,1957-07-11,2024-11-28 22:18:47,2024-11-28 22:18:47
7575,ED_000598,Lamont_Lamont,M,Cassville,1968-09-04,2024-11-28 22:18:47,2024-11-28 22:18:47
7576,ED_000599,Margie_Margie,F,Corpus Christi,1974-04-11,2024-11-28 22:18:47,2024-11-28 22:18:47
7577,ED_000600,Terrell_Terrell,M,Crouseville,1970-04-27,2024-11-28 22:18:47,2024-11-28 22:18:47
7578,ED_000601,Edna_Edna,F,Calimesa,1960-09-20,2024-11-28 22:18:47,2024-11-28 22:18:47
7579,ED_000602,Lindsey_Lindsey,M,Winston Salem,1978-11-26,2024-11-28 22:18:47,2024-11-28 22:18:47
7580,ED_000603,Lorrie_Lorrie,F,Montara,1972-10-27,2024-11-28 22:18:47,2024-11-28 22:18:47
7581,ED_000604,Denver_Denver,M,Merrill,1969-03-26,2024-11-28 22:18:47,2024-11-28 22:18:47
7582,ED_000605,Daisy_Daisy,F,Lutz,1987-10-30,2024-11-28 22:18:47,2024-11-28 22:18:47
7583,ED_000606,Esperanza_Esperanza,F,Ruffin,1970-02-26,2024-11-28 22:18:47,2024-11-28 22:18:47
7584,ED_000607,Janice_Janice,F,Bladensburg,1958-05-25,2024-11-28 22:18:47,2024-11-28 22:18:47
7585,ED_000608,Helene_Helene,F,Hunter,1989-03-28,2024-11-28 22:18:47,2024-11-28 22:18:47
7586,ED_000609,Rosario_Rosario,F,Garcia,1996-06-25,2024-11-28 22:18:47,2024-11-28 22:18:47
7587,ED_000610,Teresa_Teresa,F,Allenhurst,1986-02-08,2024-11-28 22:18:47,2024-11-28 22:18:47
7588,ED_000611,Janna_Janna,F,Durham,1981-09-29,2024-11-28 22:18:47,2024-11-28 22:18:47
7589,ED_000612,Erika_Erika,F,Walkersville,1975-04-26,2024-11-28 22:18:47,2024-11-28 22:18:47
7590,ED_000613,Mohamed_Mohamed,M,Dallas,1959-03-24,2024-11-28 22:18:47,2024-11-28 22:18:47
7591,ED_000614,Mohammad_Mohammad,M,Spur,1975-11-28,2024-11-28 22:18:47,2024-11-28 22:18:47
7592,ED_000615,Felipe_Felipe,M,Chetopa,1962-02-15,2024-11-28 22:18:47,2024-11-28 22:18:47
7593,ED_000616,Rusty_Rusty,M,Ferris,1980-03-29,2024-11-28 22:18:47,2024-11-28 22:18:47
7594,ED_000617,Kirsten_Kirsten,F,Joyce,1961-05-04,2024-11-28 22:18:47,2024-11-28 22:18:47
7595,ED_000618,Mercedes_Mercedes,F,Fall River Mills,1964-05-29,2024-11-28 22:18:47,2024-11-28 22:18:47
7596,ED_000619,Kenya_Kenya,F,House Springs,1980-01-03,2024-11-28 22:18:47,2024-11-28 22:18:47
7597,ED_000620,Laurence_Laurence,M,Norvelt,1989-10-03,2024-11-28 22:18:47,2024-11-28 22:18:47
7598,ED_000621,Shirley_Shirley,F,Scandia,1986-01-31,2024-11-28 22:18:47,2024-11-28 22:18:47
7599,ED_000622,Ricky_Ricky,M,Hector,1959-06-29,2024-11-28 22:18:47,2024-11-28 22:18:47
7600,ED_000623,Jerry_Jerry,F,Knoxville,1985-07-28,2024-11-28 22:18:47,2024-11-28 22:18:47
7601,ED_000624,Melva_Melva,F,Represa,1978-12-03,2024-11-28 22:18:47,2024-11-28 22:18:47
7602,ED_000625,Josef_Josef,M,Creola,1973-12-16,2024-11-28 22:18:47,2024-11-28 22:18:47
7603,ED_000626,Ellen_Ellen,F,Hurt,1969-01-03,2024-11-28 22:18:47,2024-11-28 22:18:47
7604,ED_000627,Lydia_Lydia,F,Crystal,1972-01-07,2024-11-28 22:18:47,2024-11-28 22:18:47
7605,ED_000628,Becky_Becky,F,Bloomington,1972-08-18,2024-11-28 22:18:47,2024-11-28 22:18:47
7606,ED_000629,Edna_Edna,F,Allen Park,1958-04-29,2024-11-28 22:18:47,2024-11-28 22:18:47
7607,ED_000630,Yong_Yong,M,Holland,1982-07-26,2024-11-28 22:18:47,2024-11-28 22:18:47
7608,ED_000631,Shannon_Shannon,F,Glenville,1960-01-27,2024-11-28 22:18:47,2024-11-28 22:18:47
7609,ED_000632,Benny_Benny,M,Gold Hill,1988-09-22,2024-11-28 22:18:47,2024-11-28 22:18:47
7610,ED_000633,Rhea_Rhea,F,Rock Rapids,1968-09-05,2024-11-28 22:18:47,2024-11-28 22:18:47
7611,ED_000634,Tracy_Tracy,M,Numidia,1989-07-06,2024-11-28 22:18:47,2024-11-28 22:18:47
7612,ED_000635,Wilburn_Wilburn,M,Brussels,1972-11-25,2024-11-28 22:18:47,2024-11-28 22:18:47
7613,ED_000636,Frank_Frank,M,Burbank,1975-02-15,2024-11-28 22:18:47,2024-11-28 22:18:47
7614,ED_000637,Barton_Barton,M,Miami,1970-06-30,2024-11-28 22:18:47,2024-11-28 22:18:47
7615,ED_000638,Max_Max,M,Preston,1960-08-19,2024-11-28 22:18:47,2024-11-28 22:18:47
7616,ED_000639,Eliseo_Eliseo,M,Wind Gap,1982-12-08,2024-11-28 22:18:47,2024-11-28 22:18:47
7617,ED_000640,Lynne_Lynne,F,South Colby,1988-03-30,2024-11-28 22:18:47,2024-11-28 22:18:47
7618,ED_000641,Maude_Maude,F,Westfield,1965-11-28,2024-11-28 22:18:47,2024-11-28 22:18:47
7619,ED_000643,Dan_Dan,M,Benoit,1966-04-22,2024-11-28 22:18:47,2024-11-28 22:18:47
7620,ED_000644,Tanisha_Tanisha,F,Osgood,1977-11-12,2024-11-28 22:18:47,2024-11-28 22:18:47
7621,ED_000645,Kitty_Kitty,F,Flagstaff,1970-12-25,2024-11-28 22:18:47,2024-11-28 22:18:47
7622,ED_000646,Kent_Kent,M,Nitro,1974-05-11,2024-11-28 22:18:47,2024-11-28 22:18:47
7623,ED_000647,Ashlee_Ashlee,F,Corpus Christi,1965-01-13,2024-11-28 22:18:47,2024-11-28 22:18:47
7624,ED_000648,Felecia_Felecia,F,Woodland,1962-11-21,2024-11-28 22:18:47,2024-11-28 22:18:47
7625,ED_000649,Horace_Horace,M,Jim Falls,1958-11-11,2024-11-28 22:18:47,2024-11-28 22:18:47
7626,ED_000650,Rickie_Rickie,M,Mc Lean,1962-08-17,2024-11-28 22:18:47,2024-11-28 22:18:47
7627,ED_000651,Maria_Maria,F,Karns City,1986-10-05,2024-11-28 22:18:47,2024-11-28 22:18:47
7628,ED_000652,Michael_Michael,F,Cleveland,1972-09-02,2024-11-28 22:18:47,2024-11-28 22:18:47
7629,ED_000653,Paula_Paula,F,Los Angeles,1995-11-15,2024-11-28 22:18:47,2024-11-28 22:18:47
7630,ED_000654,Rick_Rick,M,Spartanburg,1960-09-03,2024-11-28 22:18:47,2024-11-28 22:18:47
7631,ED_000655,Ramiro_Ramiro,M,Newton Center,1984-02-11,2024-11-28 22:18:47,2024-11-28 22:18:47
7632,ED_000656,Benny_Benny,M,Burke,1986-04-07,2024-11-28 22:18:47,2024-11-28 22:18:47
7633,ED_000657,Beryl_Beryl,F,Rockford,1988-02-03,2024-11-28 22:18:47,2024-11-28 22:18:47
7634,ED_000658,Bernice_Bernice,F,Shawnee Mission,1980-05-29,2024-11-28 22:18:47,2024-11-28 22:18:47
7635,ED_000659,Bud_Bud,M,Trevorton,1959-07-07,2024-11-28 22:18:47,2024-11-28 22:18:47
7636,ED_000660,Anita_Anita,F,Sutherlin,1958-05-17,2024-11-28 22:18:47,2024-11-28 22:18:47
7637,ED_000661,Kareem_Kareem,M,Washington,1974-01-22,2024-11-28 22:18:47,2024-11-28 22:18:47
7638,ED_000662,Curtis_Curtis,M,Kingsford Heights,1978-04-28,2024-11-28 22:18:47,2024-11-28 22:18:47
7639,ED_000663,Tamika_Tamika,F,Milwaukee,1973-10-05,2024-11-28 22:18:47,2024-11-28 22:18:47
7640,ED_000664,Carmelo_Carmelo,M,Dallas,1986-09-10,2024-11-28 22:18:47,2024-11-28 22:18:47
7641,ED_000665,Rebecca_Rebecca,F,Asbury,1987-06-08,2024-11-28 22:18:47,2024-11-28 22:18:47
7642,ED_000666,Pearlie_Pearlie,F,Hampton,1987-09-07,2024-11-28 22:18:47,2024-11-28 22:18:47
7643,ED_000667,Donovan_Donovan,M,Jackson,1977-11-22,2024-11-28 22:18:47,2024-11-28 22:18:47
7644,ED_000668,Robt_Robt,M,Moscow,1986-03-24,2024-11-28 22:18:47,2024-11-28 22:18:47
7645,ED_000669,Lacy_Lacy,F,Jackson,1961-12-02,2024-11-28 22:18:47,2024-11-28 22:18:47
7646,ED_000670,Rosemary_Rosemary,F,Scarsdale,1983-09-24,2024-11-28 22:18:47,2024-11-28 22:18:47
7647,ED_000671,Lon_Lon,M,Hyattsville,1988-05-08,2024-11-28 22:18:47,2024-11-28 22:18:47
7648,ED_000672,Grace_Grace,F,Radisson,1979-01-25,2024-11-28 22:18:47,2024-11-28 22:18:47
7649,ED_000673,Felix_Felix,M,Bejou,1978-12-08,2024-11-28 22:18:47,2024-11-28 22:18:47
7650,ED_000674,Beatriz_Beatriz,F,Tiger,1982-12-04,2024-11-28 22:18:47,2024-11-28 22:18:47
7651,ED_000675,Louisa_Louisa,F,Short Creek,1987-11-06,2024-11-28 22:18:47,2024-11-28 22:18:47
7652,ED_000676,Aubrey_Aubrey,M,Summerville,1958-12-27,2024-11-28 22:18:47,2024-11-28 22:18:47
7653,ED_000677,Reyna_Reyna,F,Peridot,1983-05-22,2024-11-28 22:18:47,2024-11-28 22:18:47
7654,ED_000678,Rusty_Rusty,M,Churchs Ferry,1979-09-08,2024-11-28 22:18:47,2024-11-28 22:18:47
7655,ED_000679,Houston_Houston,M,Teterboro,1981-05-19,2024-11-28 22:18:47,2024-11-28 22:18:47
7656,ED_000680,Edwardo_Edwardo,M,East Homer,1988-05-07,2024-11-28 22:18:47,2024-11-28 22:18:47
7657,ED_000681,Clifton_Clifton,M,Washington,1992-07-06,2024-11-28 22:18:47,2024-11-28 22:18:47
7658,ED_000682,Amparo_Amparo,F,Oceanside,1972-04-10,2024-11-28 22:18:47,2024-11-28 22:18:47
7659,ED_000683,Martha_Martha,F,San Juan Capistrano,1982-02-11,2024-11-28 22:18:47,2024-11-28 22:18:47
7660,ED_000684,Charmaine_Charmaine,F,Choudrant,1984-07-08,2024-11-28 22:18:47,2024-11-28 22:18:47
7661,ED_000685,Jayne_Jayne,F,Salineville,1960-09-01,2024-11-28 22:18:47,2024-11-28 22:18:47
7662,ED_000686,Bryce_Bryce,M,Cerro Gordo,1978-11-20,2024-11-28 22:18:47,2024-11-28 22:18:47
7663,ED_000687,Beatrice_Beatrice,F,Louisville,1990-03-26,2024-11-28 22:18:47,2024-11-28 22:18:47
7664,ED_000688,Alphonse_Alphonse,M,Portland,1972-07-01,2024-11-28 22:18:47,2024-11-28 22:18:47
7665,ED_000689,Rae_Rae,F,Saint Louis,1992-01-23,2024-11-28 22:18:47,2024-11-28 22:18:47
7666,ED_000690,Dona_Dona,F,Shanks,1976-09-10,2024-11-28 22:18:47,2024-11-28 22:18:47
7667,ED_000691,David_David,M,Pickerington,1968-06-27,2024-11-28 22:18:47,2024-11-28 22:18:47
7668,ED_000692,Clara_Clara,F,Minneapolis,1985-11-15,2024-11-28 22:18:47,2024-11-28 22:18:47
7669,ED_000693,Harlan_Harlan,M,Salinas,1975-10-29,2024-11-28 22:18:47,2024-11-28 22:18:47
7670,ED_000694,Wanda_Wanda,F,Albany,1965-04-15,2024-11-28 22:18:47,2024-11-28 22:18:47
7671,ED_000695,Keri_Keri,F,Hamshire,1985-06-16,2024-11-28 22:18:47,2024-11-28 22:18:47
7672,ED_000696,Wilfred_Wilfred,M,East Dennis,1974-03-13,2024-11-28 22:18:47,2024-11-28 22:18:47
7673,ED_000697,Lynn_Lynn,M,Neoga,1989-03-19,2024-11-28 22:18:47,2024-11-28 22:18:47
7674,ED_000698,Faye_Faye,F,Rome City,1982-11-25,2024-11-28 22:18:47,2024-11-28 22:18:47
7675,ED_000699,Bennie_Bennie,M,Luther,1958-07-23,2024-11-28 22:18:47,2024-11-28 22:18:47
7676,ED_000700,Scotty_Scotty,M,Austin,1973-04-25,2024-11-28 22:18:47,2024-11-28 22:18:47
7677,ED_000701,Grady_Grady,M,South Carrollton,1969-10-06,2024-11-28 22:18:47,2024-11-28 22:18:47
7678,ED_000702,Eula_Eula,F,Holstein,1971-03-28,2024-11-28 22:18:47,2024-11-28 22:18:47
7679,ED_000703,Nita_Nita,F,Laporte,1986-02-02,2024-11-28 22:18:47,2024-11-28 22:18:47
7680,ED_000704,Zachery_Zachery,M,Fort Madison,1971-06-13,2024-11-28 22:18:47,2024-11-28 22:18:47
7681,ED_000705,Scot_Scot,M,Watsontown,1966-05-22,2024-11-28 22:18:47,2024-11-28 22:18:47
7682,ED_000706,Mia_Mia,F,Show Low,1989-06-20,2024-11-28 22:18:47,2024-11-28 22:18:47
7683,ED_000707,Hung_Hung,M,Sanford,1976-12-13,2024-11-28 22:18:47,2024-11-28 22:18:47
7684,ED_000708,Genevieve_Genevieve,F,Greenfield,1967-04-03,2024-11-28 22:18:47,2024-11-28 22:18:47
7685,ED_000709,Alec_Alec,M,Kings Beach,1967-03-17,2024-11-28 22:18:47,2024-11-28 22:18:47
7686,ED_000710,Pasquale_Pasquale,M,Reform,1960-12-15,2024-11-28 22:18:47,2024-11-28 22:18:47
7687,ED_000711,Sheri_Sheri,F,Cedar Rapids,1981-06-12,2024-11-28 22:18:47,2024-11-28 22:18:47
7688,ED_000712,Mauro_Mauro,M,Charlotte,1988-11-23,2024-11-28 22:18:47,2024-11-28 22:18:47
7689,ED_000713,Cristina_Cristina,F,Virginia Beach,1993-07-10,2024-11-28 22:18:47,2024-11-28 22:18:47
7690,ED_000714,Raul_Raul,M,Veradale,1965-07-28,2024-11-28 22:18:47,2024-11-28 22:18:47
7691,ED_000715,Amparo_Amparo,F,Pierce City,1979-11-05,2024-11-28 22:18:47,2024-11-28 22:18:47
7692,ED_000716,Efrain_Efrain,M,Saint Louis,1958-06-17,2024-11-28 22:18:47,2024-11-28 22:18:47
7693,ED_000717,Stacey_Stacey,M,Thorp,1966-03-26,2024-11-28 22:18:47,2024-11-28 22:18:47
7694,ED_000718,Leon_Leon,M,Meadowlands,1986-11-05,2024-11-28 22:18:47,2024-11-28 22:18:47
7695,ED_000719,Vonda_Vonda,F,Oakland,1972-09-07,2024-11-28 22:18:47,2024-11-28 22:18:47
7696,ED_000720,Jorge_Jorge,M,Wilmar,1983-06-14,2024-11-28 22:18:47,2024-11-28 22:18:47
7697,ED_000721,Brandy_Brandy,F,Sunnyside,1995-05-20,2024-11-28 22:18:47,2024-11-28 22:18:47
7698,ED_000722,Lakeisha_Lakeisha,F,Vanderbilt Beach,1967-12-30,2024-11-28 22:18:47,2024-11-28 22:18:47
7699,ED_000723,Ernestine_Ernestine,F,Wayside,1970-03-13,2024-11-28 22:18:47,2024-11-28 22:18:47
7700,ED_000724,Julius_Julius,M,Meigs,1986-02-12,2024-11-28 22:18:47,2024-11-28 22:18:47
7701,ED_000725,Naomi_Naomi,F,Greensboro,1973-05-14,2024-11-28 22:18:47,2024-11-28 22:18:47
7702,ED_000726,Sydney_Sydney,M,Bray,1992-07-03,2024-11-28 22:18:47,2024-11-28 22:18:47
7703,ED_000727,Clifton_Clifton,M,New York City,1967-02-23,2024-11-28 22:18:47,2024-11-28 22:18:47
7704,ED_000728,Consuelo_Consuelo,F,Fortville,1960-09-29,2024-11-28 22:18:47,2024-11-28 22:18:47
7705,ED_000729,Aldo_Aldo,M,Chemung,1982-12-14,2024-11-28 22:18:47,2024-11-28 22:18:47
7706,ED_000730,Deidre_Deidre,F,Napoleon,1985-04-28,2024-11-28 22:18:47,2024-11-28 22:18:47
7707,ED_000731,Maura_Maura,F,Columbus,1963-08-17,2024-11-28 22:18:47,2024-11-28 22:18:47
7708,ED_000732,Claudine_Claudine,F,Nottawa,1985-07-02,2024-11-28 22:18:47,2024-11-28 22:18:47
7709,ED_000733,Silvia_Silvia,F,Islip Terrace,1966-03-25,2024-11-28 22:18:47,2024-11-28 22:18:47
7710,ED_000734,Gilda_Gilda,F,Indianapolis,1971-11-17,2024-11-28 22:18:47,2024-11-28 22:18:47
7711,ED_000735,Mai_Mai,F,Beatty,1984-04-11,2024-11-28 22:18:47,2024-11-28 22:18:47
7712,ED_000736,Cecilia_Cecilia,F,Fort Wainwright,1975-02-19,2024-11-28 22:18:47,2024-11-28 22:18:47
7713,ED_000737,Wilburn_Wilburn,M,North Turner,1977-12-13,2024-11-28 22:18:47,2024-11-28 22:18:47
7714,ED_000738,Delbert_Delbert,M,Palm Desert,1976-11-27,2024-11-28 22:18:47,2024-11-28 22:18:47
7715,ED_000739,Vincent_Vincent,M,Charlotte,1983-07-19,2024-11-28 22:18:47,2024-11-28 22:18:47
7716,ED_000740,Orlando_Orlando,M,Burlington,1973-05-04,2024-11-28 22:18:47,2024-11-28 22:18:47
7717,ED_000741,Isiah_Isiah,M,Crompond,1971-02-28,2024-11-28 22:18:47,2024-11-28 22:18:47
7718,ED_000742,Jeanine_Jeanine,F,Greensboro,1967-08-14,2024-11-28 22:18:47,2024-11-28 22:18:47
7719,ED_000743,Damien_Damien,M,Gideon,1976-06-06,2024-11-28 22:18:47,2024-11-28 22:18:47
7720,ED_000744,Fern_Fern,F,New Meadows,1973-10-15,2024-11-28 22:18:47,2024-11-28 22:18:47
7721,ED_000745,Katy_Katy,F,Westby,1972-09-08,2024-11-28 22:18:47,2024-11-28 22:18:47
7722,ED_000746,Nikki_Nikki,F,Suitland,1989-10-14,2024-11-28 22:18:47,2024-11-28 22:18:47
7723,ED_000747,Norris_Norris,M,Natrona,1985-08-29,2024-11-28 22:18:47,2024-11-28 22:18:47
7724,ED_000748,Reinaldo_Reinaldo,M,Regent,1981-05-20,2024-11-28 22:18:47,2024-11-28 22:18:47
7725,ED_000749,Eddie_Eddie,M,Four Oaks,1985-08-04,2024-11-28 22:18:47,2024-11-28 22:18:47
7726,ED_000750,Denise_Denise,F,Springfield,1992-06-05,2024-11-28 22:18:47,2024-11-28 22:18:47
7727,ED_000751,Sasha_Sasha,F,Manassas,1980-05-06,2024-11-28 22:18:47,2024-11-28 22:18:47
7728,ED_000752,Josh_Josh,M,Whalan,1991-07-28,2024-11-28 22:18:47,2024-11-28 22:18:47
7729,ED_000753,Rodger_Rodger,M,Pico Rivera,1968-11-25,2024-11-28 22:18:47,2024-11-28 22:18:47
7730,ED_000754,Miles_Miles,M,Denver,1963-10-29,2024-11-28 22:18:47,2024-11-28 22:18:47
7731,ED_000755,Erin_Erin,F,Dushore,1974-05-18,2024-11-28 22:18:47,2024-11-28 22:18:47
7732,ED_000756,Rosalind_Rosalind,F,Morris,1971-04-04,2024-11-28 22:18:47,2024-11-28 22:18:47
7733,ED_000757,Lenard_Lenard,M,Lawson,1976-04-06,2024-11-28 22:18:47,2024-11-28 22:18:47
7734,ED_000758,Wilson_Wilson,M,Wilmington,1990-10-17,2024-11-28 22:18:47,2024-11-28 22:18:47
7735,ED_000759,Harley_Harley,M,Antigo,1967-02-23,2024-11-28 22:18:47,2024-11-28 22:18:47
7736,ED_000760,Carrie_Carrie,F,Oketo,1995-02-20,2024-11-28 22:18:47,2024-11-28 22:18:47
7737,ED_000761,Esteban_Esteban,M,Fresno,1978-07-23,2024-11-28 22:18:47,2024-11-28 22:18:47
7738,ED_000762,Merle_Merle,M,White House,1965-07-23,2024-11-28 22:18:47,2024-11-28 22:18:47
7739,ED_000763,Joanna_Joanna,F,Cullman,1963-09-11,2024-11-28 22:18:47,2024-11-28 22:18:47
7740,ED_000764,Cyrus_Cyrus,M,Charles City,1992-05-13,2024-11-28 22:18:47,2024-11-28 22:18:47
7741,ED_000765,Mariana_Mariana,F,Paisley,1961-03-25,2024-11-28 22:18:47,2024-11-28 22:18:47
7742,ED_000766,Fletcher_Fletcher,M,Wilmer,1995-05-24,2024-11-28 22:18:47,2024-11-28 22:18:47
7743,ED_000767,Edwin_Edwin,M,Austin,1994-05-08,2024-11-28 22:18:47,2024-11-28 22:18:47
7744,ED_000768,Noreen_Noreen,F,Iota,1960-11-23,2024-11-28 22:18:47,2024-11-28 22:18:47
7745,ED_000769,Ollie_Ollie,M,Melrose,1984-01-26,2024-11-28 22:18:47,2024-11-28 22:18:47
7746,ED_000770,Cleveland_Cleveland,M,Spring Hill,1993-04-22,2024-11-28 22:18:47,2024-11-28 22:18:47
7747,ED_000771,Arron_Arron,M,Cleveland,1978-01-01,2024-11-28 22:18:47,2024-11-28 22:18:47
7748,ED_000772,Elijah_Elijah,M,Grand Lake Stream,1987-01-01,2024-11-28 22:18:47,2024-11-28 22:18:47
7749,ED_000773,Allie_Allie,F,Claremont,1966-07-01,2024-11-28 22:18:47,2024-11-28 22:18:47
7750,ED_000774,Janie_Janie,F,Enid,1970-12-05,2024-11-28 22:18:47,2024-11-28 22:18:47
7751,ED_000775,Shelia_Shelia,F,Central,1974-08-15,2024-11-28 22:18:47,2024-11-28 22:18:47
7752,ED_000776,Aida_Aida,F,Lovingston,1991-11-29,2024-11-28 22:18:47,2024-11-28 22:18:47
7753,ED_000777,Lora_Lora,F,Fort Lauderdale,1977-01-09,2024-11-28 22:18:47,2024-11-28 22:18:47
7754,ED_000778,Fritz_Fritz,M,Charleston,1977-12-03,2024-11-28 22:18:47,2024-11-28 22:18:47
7755,ED_000779,Natalie_Natalie,F,South Bend,1972-06-07,2024-11-28 22:18:47,2024-11-28 22:18:47
7756,ED_000780,Eliseo_Eliseo,M,Duluth,1985-02-28,2024-11-28 22:18:47,2024-11-28 22:18:47
7757,ED_000781,Philip_Philip,M,Pleasant Valley,1987-11-25,2024-11-28 22:18:47,2024-11-28 22:18:47
7758,ED_000782,Kay_Kay,F,Sahuarita,1967-08-14,2024-11-28 22:18:47,2024-11-28 22:18:47
7759,ED_000783,Liliana_Liliana,F,Pittsburgh,1984-09-18,2024-11-28 22:18:47,2024-11-28 22:18:47
7760,ED_000784,Elise_Elise,F,Bern,1967-02-24,2024-11-28 22:18:47,2024-11-28 22:18:47
7761,ED_000785,Tabitha_Tabitha,F,Terrell,1961-03-05,2024-11-28 22:18:47,2024-11-28 22:18:47
7762,ED_000786,Barney_Barney,M,Dalton,1974-02-01,2024-11-28 22:18:47,2024-11-28 22:18:47
7763,ED_000787,Myrtle_Myrtle,F,Anderson,1990-10-10,2024-11-28 22:18:47,2024-11-28 22:18:47
7764,ED_000788,Frederick_Frederick,M,Edwardsville,1987-09-08,2024-11-28 22:18:47,2024-11-28 22:18:47
7765,ED_000789,Debora_Debora,F,Cross Fork,1994-01-10,2024-11-28 22:18:47,2024-11-28 22:18:47
7766,ED_000790,Merlin_Merlin,M,Hambleton,1970-11-14,2024-11-28 22:18:47,2024-11-28 22:18:47
7767,ED_000791,Celia_Celia,F,Apple Grove,1995-03-13,2024-11-28 22:18:47,2024-11-28 22:18:47
7768,ED_000792,Tina_Tina,F,Beulah,1970-12-03,2024-11-28 22:18:47,2024-11-28 22:18:47
7769,ED_000793,Kelsey_Kelsey,F,New York City,1985-09-10,2024-11-28 22:18:47,2024-11-28 22:18:47
7770,ED_000794,Danny_Danny,M,Warminster,1972-04-27,2024-11-28 22:18:47,2024-11-28 22:18:47
7771,ED_000795,Dena_Dena,F,Cincinnati,1968-12-30,2024-11-28 22:18:47,2024-11-28 22:18:47
7772,ED_000796,Edmund_Edmund,M,Pittsburg,1965-11-11,2024-11-28 22:18:47,2024-11-28 22:18:47
7773,ED_000797,Hershel_Hershel,M,Yeagertown,1964-08-03,2024-11-28 22:18:47,2024-11-28 22:18:47
7774,ED_000798,Lawanda_Lawanda,F,Garrard,1973-07-29,2024-11-28 22:18:47,2024-11-28 22:18:47
7775,ED_000799,Sophia_Sophia,F,Midland City,1986-11-02,2024-11-28 22:18:47,2024-11-28 22:18:47
7776,ED_000800,Lauren_Lauren,F,Reserve,1977-12-06,2024-11-28 22:18:47,2024-11-28 22:18:47
7777,ED_000801,Guy_Guy,M,Charlotte,1994-06-28,2024-11-28 22:18:47,2024-11-28 22:18:47
7778,ED_000802,Kurt_Kurt,M,Ellendale,1970-06-20,2024-11-28 22:18:47,2024-11-28 22:18:47
7779,ED_000803,Mallory_Mallory,F,Fort Wayne,1970-01-22,2024-11-28 22:18:47,2024-11-28 22:18:47
7780,ED_000804,Louisa_Louisa,F,Big Bend National Park,1979-02-28,2024-11-28 22:18:47,2024-11-28 22:18:47
7781,ED_000805,Diego_Diego,M,Catawba,1961-10-07,2024-11-28 22:18:47,2024-11-28 22:18:47
7782,ED_000806,Louisa_Louisa,F,Whittier,1978-05-12,2024-11-28 22:18:47,2024-11-28 22:18:47
7783,ED_000807,Josue_Josue,M,Coralville,1986-03-31,2024-11-28 22:18:47,2024-11-28 22:18:47
7784,ED_000808,Ines_Ines,F,West Palm Beach,1975-01-20,2024-11-28 22:18:47,2024-11-28 22:18:47
7785,ED_000809,Lance_Lance,M,Lamar,1979-09-22,2024-11-28 22:18:47,2024-11-28 22:18:47
7786,ED_000810,Belinda_Belinda,F,New Bern,1976-07-07,2024-11-28 22:18:47,2024-11-28 22:18:47
7787,ED_000811,Gracie_Gracie,F,Green Bay,1988-08-20,2024-11-28 22:18:47,2024-11-28 22:18:47
7788,ED_000812,Benito_Benito,M,Grand View,1979-07-15,2024-11-28 22:18:47,2024-11-28 22:18:47
7789,ED_000813,Lucinda_Lucinda,F,Bedford,1983-11-15,2024-11-28 22:18:47,2024-11-28 22:18:47
7790,ED_000814,Jami_Jami,F,Glenhayes,1960-11-21,2024-11-28 22:18:47,2024-11-28 22:18:47
7791,ED_000815,David_David,M,Wells,1995-02-19,2024-11-28 22:18:47,2024-11-28 22:18:47
7792,ED_000816,Clement_Clement,M,Marmora,1958-11-26,2024-11-28 22:18:47,2024-11-28 22:18:47
7793,ED_000817,Shane_Shane,M,Leo,1982-07-06,2024-11-28 22:18:47,2024-11-28 22:18:47
7794,ED_000818,Clint_Clint,M,Northport,1969-04-20,2024-11-28 22:18:47,2024-11-28 22:18:47
7795,ED_000819,Ofelia_Ofelia,F,Sugartown,1990-02-27,2024-11-28 22:18:47,2024-11-28 22:18:47
7796,ED_000820,Karina_Karina,F,Osborn,1967-03-10,2024-11-28 22:18:47,2024-11-28 22:18:47
7797,ED_000821,Sam_Sam,M,Mira,1960-02-16,2024-11-28 22:18:47,2024-11-28 22:18:47
7798,ED_000822,Lina_Lina,F,Kent,1981-02-17,2024-11-28 22:18:47,2024-11-28 22:18:47
7799,ED_000823,Myles_Myles,M,Irwin,1983-03-02,2024-11-28 22:18:47,2024-11-28 22:18:47
7800,ED_000824,Clay_Clay,M,Edgerton,1973-09-08,2024-11-28 22:18:47,2024-11-28 22:18:47
7801,ED_000825,Catalina_Catalina,F,Wales,1975-05-13,2024-11-28 22:18:47,2024-11-28 22:18:47
7802,ED_000826,Nannie_Nannie,F,Mountain Home,1976-05-19,2024-11-28 22:18:47,2024-11-28 22:18:47
7803,ED_000827,Donovan_Donovan,M,South Dartmouth,1988-10-16,2024-11-28 22:18:47,2024-11-28 22:18:47
7804,ED_000828,Sondra_Sondra,F,Harveyville,1993-04-18,2024-11-28 22:18:47,2024-11-28 22:18:47
7805,ED_000829,Terrance_Terrance,M,Junction City,1984-02-11,2024-11-28 22:18:47,2024-11-28 22:18:47
7806,ED_000830,Colleen_Colleen,F,Pingree,1994-02-13,2024-11-28 22:18:47,2024-11-28 22:18:47
7807,ED_000831,Thad_Thad,M,Tinley Park,1969-02-22,2024-11-28 22:18:47,2024-11-28 22:18:47
7808,ED_000832,Terence_Terence,M,Tacoma,1995-07-24,2024-11-28 22:18:47,2024-11-28 22:18:47
7809,ED_000833,Bettie_Bettie,F,Peoria,1979-12-24,2024-11-28 22:18:47,2024-11-28 22:18:47
7810,ED_000834,Boyd_Boyd,M,Neely,1996-01-30,2024-11-28 22:18:47,2024-11-28 22:18:47
7811,ED_000835,Corey_Corey,M,Patriot,1969-06-19,2024-11-28 22:18:47,2024-11-28 22:18:47
7812,ED_000836,Violet_Violet,F,Tionesta,1959-06-25,2024-11-28 22:18:47,2024-11-28 22:18:47
7813,ED_000837,Camille_Camille,F,Sun City,1967-03-06,2024-11-28 22:18:47,2024-11-28 22:18:47
7814,ED_000838,Nicole_Nicole,F,Garland,1964-01-02,2024-11-28 22:18:47,2024-11-28 22:18:47
7815,ED_000839,Joan_Joan,M,Columbia,1982-01-28,2024-11-28 22:18:47,2024-11-28 22:18:47
7816,ED_000840,Kennith_Kennith,M,Appomattox,1971-09-12,2024-11-28 22:18:47,2024-11-28 22:18:47
7817,ED_000841,Mae_Mae,F,Scotland,1988-08-07,2024-11-28 22:18:47,2024-11-28 22:18:47
7818,ED_000842,Denver_Denver,M,Shortt Gap,1958-08-07,2024-11-28 22:18:47,2024-11-28 22:18:47
7819,ED_000843,Milford_Milford,M,Garden Valley,1965-10-26,2024-11-28 22:18:47,2024-11-28 22:18:47
7820,ED_000844,Marva_Marva,F,Hoffman Estates,1974-03-04,2024-11-28 22:18:47,2024-11-28 22:18:47
7821,ED_000845,Betsy_Betsy,F,Roswell,1982-04-12,2024-11-28 22:18:47,2024-11-28 22:18:47
7822,ED_000846,Celeste_Celeste,F,Andover,1981-11-30,2024-11-28 22:18:47,2024-11-28 22:18:47
7823,ED_000847,Tonya_Tonya,F,Ravenna,1982-06-13,2024-11-28 22:18:47,2024-11-28 22:18:47
7824,ED_000848,Deana_Deana,F,Carlsbad,1976-07-30,2024-11-28 22:18:47,2024-11-28 22:18:47
7825,ED_000849,Susanne_Susanne,F,Ladoga,1963-12-25,2024-11-28 22:18:47,2024-11-28 22:18:47
7826,ED_000850,Cole_Cole,M,Harrisburg,1959-06-17,2024-11-28 22:18:47,2024-11-28 22:18:47
7827,ED_000851,Marlon_Marlon,M,Dallas City,1982-10-04,2024-11-28 22:18:47,2024-11-28 22:18:47
7828,ED_000852,Trudy_Trudy,F,Currie,1960-05-06,2024-11-28 22:18:47,2024-11-28 22:18:47
7829,ED_000853,Tania_Tania,F,Lehigh Acres,1960-03-04,2024-11-28 22:18:47,2024-11-28 22:18:47
7830,ED_000854,Leonel_Leonel,M,Zephyrhills,1992-05-05,2024-11-28 22:18:47,2024-11-28 22:18:47
7831,ED_000855,Nadia_Nadia,F,Tiplersville,1979-07-20,2024-11-28 22:18:47,2024-11-28 22:18:47
7832,ED_000856,Cody_Cody,M,Bloomfield Hills,1976-02-21,2024-11-28 22:18:47,2024-11-28 22:18:47
7833,ED_000857,Megan_Megan,F,Bunkie,1996-01-19,2024-11-28 22:18:47,2024-11-28 22:18:47
7834,ED_000858,Darla_Darla,F,Flushing,1987-06-26,2024-11-28 22:18:47,2024-11-28 22:18:47
7835,ED_000859,Cecile_Cecile,F,Freedom,1994-04-01,2024-11-28 22:18:47,2024-11-28 22:18:47
7836,ED_000860,Helene_Helene,F,Manhattan,1967-06-25,2024-11-28 22:18:47,2024-11-28 22:18:47
7837,ED_000861,Vernon_Vernon,M,Meers,1993-12-17,2024-11-28 22:18:47,2024-11-28 22:18:47
7838,ED_000862,Marva_Marva,F,Bellaire,1988-10-27,2024-11-28 22:18:47,2024-11-28 22:18:47
7839,ED_000863,Yvette_Yvette,F,Highlandville,1992-05-30,2024-11-28 22:18:47,2024-11-28 22:18:47
7840,ED_000864,Derick_Derick,M,Cincinnati,1985-12-31,2024-11-28 22:18:47,2024-11-28 22:18:47
7841,ED_000865,Fay_Fay,F,Tioga,1989-04-04,2024-11-28 22:18:47,2024-11-28 22:18:47
7842,ED_000866,Deanna_Deanna,F,Saginaw,1962-12-18,2024-11-28 22:18:47,2024-11-28 22:18:47
7843,ED_000867,Augusta_Augusta,F,Maryland Heights,1985-12-16,2024-11-28 22:18:47,2024-11-28 22:18:47
7844,ED_000868,Erna_Erna,F,Talladega,1976-07-09,2024-11-28 22:18:47,2024-11-28 22:18:47
7845,ED_000869,Luther_Luther,M,Reynoldsburg,1993-06-13,2024-11-28 22:18:47,2024-11-28 22:18:47
7846,ED_000870,Curtis_Curtis,M,Houston,1974-07-21,2024-11-28 22:18:47,2024-11-28 22:18:47
7847,ED_000871,Yvette_Yvette,F,Canton Center,1971-09-11,2024-11-28 22:18:47,2024-11-28 22:18:47
7848,ED_000872,Walter_Walter,M,Gainesville,1992-04-21,2024-11-28 22:18:47,2024-11-28 22:18:47
7849,ED_000873,Christa_Christa,F,Bruce,1974-10-25,2024-11-28 22:18:47,2024-11-28 22:18:47
7850,ED_000874,Milton_Milton,M,Cropseyville,1971-04-12,2024-11-28 22:18:47,2024-11-28 22:18:47
7851,ED_000875,Kimberly_Kimberly,F,Farlington,1991-06-10,2024-11-28 22:18:47,2024-11-28 22:18:47
7852,ED_000876,Lemuel_Lemuel,M,Grandview,1979-01-22,2024-11-28 22:18:47,2024-11-28 22:18:47
7853,ED_000877,Marcie_Marcie,F,Monticello,1994-10-22,2024-11-28 22:18:47,2024-11-28 22:18:47
7854,ED_000878,Bart_Bart,M,Woodworth,1962-06-23,2024-11-28 22:18:47,2024-11-28 22:18:47
7855,ED_000879,Patrice_Patrice,F,Shafter,1995-05-19,2024-11-28 22:18:47,2024-11-28 22:18:47
7856,ED_000880,Xavier_Xavier,M,New York City,1990-10-12,2024-11-28 22:18:47,2024-11-28 22:18:47
7857,ED_000881,Lidia_Lidia,F,Litchfield,1993-06-09,2024-11-28 22:18:47,2024-11-28 22:18:47
7858,ED_000882,Essie_Essie,F,Harrisburg,1993-03-13,2024-11-28 22:18:47,2024-11-28 22:18:47
7859,ED_000883,Sondra_Sondra,F,Boonville,1976-11-11,2024-11-28 22:18:47,2024-11-28 22:18:47
7860,ED_000884,Monte_Monte,M,Wallula,1975-05-14,2024-11-28 22:18:47,2024-11-28 22:18:47
7861,ED_000885,Ernesto_Ernesto,M,Hume,1965-11-27,2024-11-28 22:18:47,2024-11-28 22:18:47
7862,ED_000886,Ismael_Ismael,M,Mont Vernon,1975-10-04,2024-11-28 22:18:47,2024-11-28 22:18:47
7863,ED_000887,Elijah_Elijah,M,Waco,1994-04-26,2024-11-28 22:18:47,2024-11-28 22:18:47
7864,ED_000888,Leigh_Leigh,F,Cedarburg,1987-07-18,2024-11-28 22:18:47,2024-11-28 22:18:47
7865,ED_000889,Genaro_Genaro,M,Dyer,1979-08-17,2024-11-28 22:18:47,2024-11-28 22:18:47
7866,ED_000890,Lucy_Lucy,F,Gaston,1976-05-24,2024-11-28 22:18:47,2024-11-28 22:18:47
7867,ED_000891,Bernadette_Bernadette,F,Pinellas Park,1994-05-24,2024-11-28 22:18:47,2024-11-28 22:18:47
7868,ED_000892,Lee_Lee,M,Dallas,1976-10-02,2024-11-28 22:18:47,2024-11-28 22:18:47
7869,ED_000893,Damian_Damian,M,Rochester,1962-04-26,2024-11-28 22:18:47,2024-11-28 22:18:47
7870,ED_000894,Dusty_Dusty,M,Paterson,1967-04-06,2024-11-28 22:18:47,2024-11-28 22:18:47
7871,ED_000895,Katina_Katina,F,Arlington,1987-09-13,2024-11-28 22:18:47,2024-11-28 22:18:47
7872,ED_000896,Clair_Clair,M,Loon Lake,1958-07-07,2024-11-28 22:18:47,2024-11-28 22:18:47
7873,ED_000897,Ernesto_Ernesto,M,Garner,1993-03-02,2024-11-28 22:18:47,2024-11-28 22:18:47
7874,ED_000898,Frankie_Frankie,F,Denver,1958-10-24,2024-11-28 22:18:47,2024-11-28 22:18:47
7875,ED_000899,Angelique_Angelique,F,Dallas,1990-04-23,2024-11-28 22:18:47,2024-11-28 22:18:47
7876,ED_000900,Marcelino_Marcelino,M,Benton,1962-07-25,2024-11-28 22:18:47,2024-11-28 22:18:47
7877,ED_000901,Tony_Tony,M,Garden Grove,1971-05-29,2024-11-28 22:18:47,2024-11-28 22:18:47
7878,ED_000902,Lenard_Lenard,M,Bahama,1981-06-02,2024-11-28 22:18:47,2024-11-28 22:18:47
7879,ED_000903,Aurora_Aurora,F,Santa Fe,1965-04-29,2024-11-28 22:18:47,2024-11-28 22:18:47
7880,ED_000904,Manuela_Manuela,F,Loraine,1967-12-13,2024-11-28 22:18:47,2024-11-28 22:18:47
7881,ED_000905,Jean_Jean,F,Chiloquin,1987-04-05,2024-11-28 22:18:47,2024-11-28 22:18:47
7882,ED_000906,Barbra_Barbra,F,Harbinger,1987-01-07,2024-11-28 22:18:47,2024-11-28 22:18:47
7883,ED_000907,Deann_Deann,F,Craley,1959-12-04,2024-11-28 22:18:47,2024-11-28 22:18:47
7884,ED_000908,Reba_Reba,F,Kingston,1964-09-19,2024-11-28 22:18:47,2024-11-28 22:18:47
7885,ED_000909,Rickie_Rickie,M,Des Moines,1990-04-13,2024-11-28 22:18:47,2024-11-28 22:18:47
7886,ED_000910,Lyman_Lyman,M,Fryeburg,1990-10-04,2024-11-28 22:18:47,2024-11-28 22:18:47
7887,ED_000911,Deon_Deon,M,Anton,1965-09-19,2024-11-28 22:18:47,2024-11-28 22:18:47
7888,ED_000912,Israel_Israel,M,Willard,1972-05-10,2024-11-28 22:18:47,2024-11-28 22:18:47
7889,ED_000913,Moises_Moises,M,San Francisco,1964-06-05,2024-11-28 22:18:47,2024-11-28 22:18:47
7890,ED_000914,Jerri_Jerri,F,Portland,1963-03-05,2024-11-28 22:18:47,2024-11-28 22:18:47
7891,ED_000915,Bradley_Bradley,M,Oak Ridge,1983-02-09,2024-11-28 22:18:47,2024-11-28 22:18:47
7892,ED_000916,Romeo_Romeo,M,Hiland,1983-05-05,2024-11-28 22:18:47,2024-11-28 22:18:47
7893,ED_000917,Leopoldo_Leopoldo,M,Old Glory,1986-10-25,2024-11-28 22:18:47,2024-11-28 22:18:47
7894,ED_000918,Andrea_Andrea,M,Marland,1978-08-23,2024-11-28 22:18:47,2024-11-28 22:18:47
7895,ED_000919,Charley_Charley,M,Minneapolis,1959-08-03,2024-11-28 22:18:47,2024-11-28 22:18:47
7896,ED_000920,Carolyn_Carolyn,F,Lugoff,1978-02-08,2024-11-28 22:18:47,2024-11-28 22:18:47
7897,ED_000921,Gracie_Gracie,F,Essex Fells,1974-10-24,2024-11-28 22:18:47,2024-11-28 22:18:47
7898,ED_000922,Jerrold_Jerrold,M,Naples,1991-01-11,2024-11-28 22:18:47,2024-11-28 22:18:47
7899,ED_000923,Joshua_Joshua,M,Mobile,1960-09-17,2024-11-28 22:18:47,2024-11-28 22:18:47
7900,ED_000924,Kristy_Kristy,F,Nome,1989-12-15,2024-11-28 22:18:47,2024-11-28 22:18:47
7901,ED_000925,Spencer_Spencer,M,Des Arc,1977-09-08,2024-11-28 22:18:47,2024-11-28 22:18:47
7902,ED_000926,Ashley_Ashley,F,San Acacia,1978-08-24,2024-11-28 22:18:47,2024-11-28 22:18:47
7903,ED_000927,Rocco_Rocco,M,Wolfeboro Falls,1964-02-10,2024-11-28 22:18:47,2024-11-28 22:18:47
7904,ED_000928,Sonny_Sonny,M,Maxwell,1961-10-27,2024-11-28 22:18:47,2024-11-28 22:18:47
7905,ED_000929,Erich_Erich,M,Seth,1962-03-04,2024-11-28 22:18:47,2024-11-28 22:18:47
7906,ED_000930,Mack_Mack,M,Pleasanton,1993-05-15,2024-11-28 22:18:47,2024-11-28 22:18:47
7907,ED_000931,Vicky_Vicky,F,Colebrook,1992-06-04,2024-11-28 22:18:47,2024-11-28 22:18:47
7908,ED_000932,Willa_Willa,F,Gaylord,1965-01-11,2024-11-28 22:18:47,2024-11-28 22:18:47
7909,ED_000933,Reva_Reva,F,Lawton,1988-12-27,2024-11-28 22:18:47,2024-11-28 22:18:47
7910,ED_000934,Ina_Ina,F,Rockdale,1993-06-22,2024-11-28 22:18:47,2024-11-28 22:18:47
7911,ED_000935,Kristi_Kristi,F,Swan Lake,1972-03-26,2024-11-28 22:18:47,2024-11-28 22:18:47
7912,ED_000936,Danial_Danial,M,Macungie,1986-07-26,2024-11-28 22:18:47,2024-11-28 22:18:47
7913,ED_000937,Benita_Benita,F,Idlewild,1957-11-17,2024-11-28 22:18:47,2024-11-28 22:18:47
7914,ED_000938,Dwayne_Dwayne,M,Waurika,1976-04-01,2024-11-28 22:18:47,2024-11-28 22:18:47
7915,ED_000939,Lorrie_Lorrie,F,Helen,1995-01-16,2024-11-28 22:18:47,2024-11-28 22:18:47
7916,ED_000940,Juliana_Juliana,F,Milwaukee,1979-12-15,2024-11-28 22:18:47,2024-11-28 22:18:47
7917,ED_000941,Mac_Mac,M,North Kingstown,1979-05-02,2024-11-28 22:18:47,2024-11-28 22:18:47
7918,ED_000942,Bryce_Bryce,M,Las Cruces,1958-02-13,2024-11-28 22:18:47,2024-11-28 22:18:47
7919,ED_000943,Guadalupe_Guadalupe,M,Talmage,1981-02-27,2024-11-28 22:18:47,2024-11-28 22:18:47
7920,ED_000944,Jacob_Jacob,M,East Kingston,1970-04-10,2024-11-28 22:18:47,2024-11-28 22:18:47
7921,ED_000945,Jeanette_Jeanette,F,De Mossville,1963-03-09,2024-11-28 22:18:47,2024-11-28 22:18:47
7922,ED_000946,Jefferson_Jefferson,M,Mekinock,1996-07-17,2024-11-28 22:18:47,2024-11-28 22:18:47
7923,ED_000947,Dillon_Dillon,M,Santa Cruz,1973-06-18,2024-11-28 22:18:47,2024-11-28 22:18:47
7924,ED_000948,Bertie_Bertie,F,East Smethport,1994-03-02,2024-11-28 22:18:47,2024-11-28 22:18:47
7925,ED_000949,Hannah_Hannah,F,Baltimore,1993-04-10,2024-11-28 22:18:47,2024-11-28 22:18:47
7926,ED_000950,Jon_Jon,M,Appleton,1973-03-22,2024-11-28 22:18:47,2024-11-28 22:18:47
7927,ED_000951,Caitlin_Caitlin,F,Hester,1961-05-11,2024-11-28 22:18:47,2024-11-28 22:18:47
7928,ED_000952,Doris_Doris,F,Sumner,1959-03-01,2024-11-28 22:18:47,2024-11-28 22:18:47
7929,ED_000953,Barbra_Barbra,F,Roanoke,1991-09-05,2024-11-28 22:18:47,2024-11-28 22:18:47
7930,ED_000954,Hung_Hung,M,Beaver,1965-06-08,2024-11-28 22:18:47,2024-11-28 22:18:47
7931,ED_000955,Adele_Adele,F,Porter,1980-08-29,2024-11-28 22:18:47,2024-11-28 22:18:47
7932,ED_000956,Stella_Stella,F,Dallas,1979-10-13,2024-11-28 22:18:47,2024-11-28 22:18:47
7933,ED_000957,Clement_Clement,M,Billings,1971-08-13,2024-11-28 22:18:47,2024-11-28 22:18:47
7934,ED_000958,Rosetta_Rosetta,F,Morganton,1993-03-04,2024-11-28 22:18:47,2024-11-28 22:18:47
7935,ED_000959,Caleb_Caleb,M,Eastport,1972-04-19,2024-11-28 22:18:47,2024-11-28 22:18:47
7936,ED_000960,Dudley_Dudley,M,Rockford,1966-08-09,2024-11-28 22:18:47,2024-11-28 22:18:47
7937,ED_000961,Barbara_Barbara,F,New Orleans,1984-07-06,2024-11-28 22:18:47,2024-11-28 22:18:47
7938,ED_000962,Alana_Alana,F,Erie,1959-06-15,2024-11-28 22:18:47,2024-11-28 22:18:47
7939,ED_000963,Hazel_Hazel,F,Thornton,1962-03-08,2024-11-28 22:18:47,2024-11-28 22:18:47
7940,ED_000964,Erich_Erich,M,Morrison,1996-03-31,2024-11-28 22:18:47,2024-11-28 22:18:47
7941,ED_000965,Elise_Elise,F,Scranton,1977-12-26,2024-11-28 22:18:47,2024-11-28 22:18:47
7942,ED_000966,Mauro_Mauro,M,Memphis,1982-09-06,2024-11-28 22:18:47,2024-11-28 22:18:47
7943,ED_000967,Luisa_Luisa,F,Wichita,1963-06-05,2024-11-28 22:18:47,2024-11-28 22:18:47
7944,ED_000968,Duane_Duane,M,Washington,1979-12-12,2024-11-28 22:18:47,2024-11-28 22:18:47
7945,ED_000969,Weldon_Weldon,M,San Antonio,1974-02-18,2024-11-28 22:18:47,2024-11-28 22:18:47
7946,ED_000970,Ilene_Ilene,F,Scandia,1986-06-03,2024-11-28 22:18:47,2024-11-28 22:18:47
7947,ED_000971,Phil_Phil,M,Dayton,1991-11-13,2024-11-28 22:18:47,2024-11-28 22:18:47
7948,ED_000972,Jonas_Jonas,M,Hatfield,1995-07-13,2024-11-28 22:18:47,2024-11-28 22:18:47
7949,ED_000973,Benita_Benita,F,Nardin,1970-12-30,2024-11-28 22:18:47,2024-11-28 22:18:47
7950,ED_000974,Rochelle_Rochelle,F,Pooler,1992-10-09,2024-11-28 22:18:47,2024-11-28 22:18:47
7951,ED_000975,Terra_Terra,F,Youngstown,1973-01-07,2024-11-28 22:18:47,2024-11-28 22:18:47
7952,ED_000976,Buford_Buford,M,Myra,1994-04-09,2024-11-28 22:18:47,2024-11-28 22:18:47
7953,ED_000977,Emanuel_Emanuel,M,Yazoo City,1962-05-06,2024-11-28 22:18:47,2024-11-28 22:18:47
7954,ED_000978,Cheryl_Cheryl,F,Monroe,1985-08-20,2024-11-28 22:18:47,2024-11-28 22:18:47
7955,ED_000979,Theodore_Theodore,M,Opheim,1994-12-17,2024-11-28 22:18:47,2024-11-28 22:18:47
7956,ED_000980,Ginger_Ginger,F,Valmora,1978-05-23,2024-11-28 22:18:47,2024-11-28 22:18:47
7957,ED_000981,Lilian_Lilian,F,Neptune Beach,1996-06-23,2024-11-28 22:18:47,2024-11-28 22:18:47
7958,ED_000982,Gilbert_Gilbert,M,North Star,1968-01-10,2024-11-28 22:18:47,2024-11-28 22:18:47
7959,ED_000983,Waldo_Waldo,M,Clayton,1973-01-26,2024-11-28 22:18:47,2024-11-28 22:18:47
7960,ED_000984,Tommie_Tommie,M,Alma,1977-12-07,2024-11-28 22:18:47,2024-11-28 22:18:47
7961,ED_000985,George_George,M,Vardaman,1961-01-13,2024-11-28 22:18:47,2024-11-28 22:18:47
7962,ED_000986,Graham_Graham,M,Stockdale,1985-05-18,2024-11-28 22:18:47,2024-11-28 22:18:47
7963,ED_000987,Ophelia_Ophelia,F,Kingsland,1986-11-01,2024-11-28 22:18:47,2024-11-28 22:18:47
7964,ED_000988,Lon_Lon,M,Shawnee Mission,1994-04-24,2024-11-28 22:18:47,2024-11-28 22:18:47
7965,ED_000989,Irvin_Irvin,M,Dierks,1993-01-25,2024-11-28 22:18:47,2024-11-28 22:18:47
7966,ED_000990,Sheri_Sheri,F,Gallagher,1982-07-01,2024-11-28 22:18:47,2024-11-28 22:18:47
7967,ED_000991,Alberta_Alberta,F,Levant,1981-05-02,2024-11-28 22:18:47,2024-11-28 22:18:47
7968,ED_000992,Kerri_Kerri,F,College Station,1982-10-11,2024-11-28 22:18:47,2024-11-28 22:18:47
7969,ED_000993,Olin_Olin,M,Carleton,1991-06-06,2024-11-28 22:18:47,2024-11-28 22:18:47
7970,ED_000994,Stefan_Stefan,M,Fredericksburg,1983-09-26,2024-11-28 22:18:47,2024-11-28 22:18:47
7971,ED_000995,Cody_Cody,M,Pasadena,1988-12-23,2024-11-28 22:18:47,2024-11-28 22:18:47
7972,ED_000996,Bonnie_Bonnie,F,Mukwonago,1985-03-08,2024-11-28 22:18:47,2024-11-28 22:18:47
7973,ED_000997,Luke_Luke,M,Freeport,1987-12-02,2024-11-28 22:18:47,2024-11-28 22:18:47
7974,ED_000998,Eva_Eva,F,Turlock,1957-09-26,2024-11-28 22:18:47,2024-11-28 22:18:47
7975,ED_000999,Maritza_Maritza,F,Stamford,1987-05-19,2024-11-28 22:18:47,2024-11-28 22:18:47
7976,ED_001000,Phyllis_Phyllis,F,Meno,1957-02-11,2024-11-28 22:18:47,2024-11-28 22:18:47